Model,Transforms,Lags,Lag Transforms,Lag Name,test_30_days,test_60_days,test_90_days,test_120_days,test_150_days,test_180_days,test_240_days,test_300_days,test_360_days,test_480_days,test_600_days,test_720_days,test_1256_days
SGDRegressor,AutoDifferences(max_diffs=20),"[1, 2, 7, 12]","{1: [<function expanding_mean at 0x000001DD68A92700>], 7: [<function rolling_mean_14 at 0x000001DD68FB0040>], 30: [<function expanding_mean at 0x000001DD68A92700>]}",lags_15_features_4,108.84448895284639,176.35823746187782,236.43330657245508,303.0126380140269,352.8132865624435,373.31775149869503,369.57913831208526,361.1061452461233,478.8244487536149,1100.9413639748732,1249.8698771051766,1279.9016977841604,3365.315192940587
SGDRegressor,AutoDifferences(max_diffs=20),"[1, 2, 7, 12]","{1: [<function rolling_mean_14 at 0x000001DD68FB0040>], 7: [<function rolling_mean_30 at 0x000001DD68FF0C20>], 30: [<function expanding_mean at 0x000001DD68A92700>]}",lags_15_features_4,194.7880766481061,363.6060879308789,538.1693519254783,761.0985153332049,951.2689212223675,1051.842947743435,1094.7855129390757,1086.6243113627,1490.478160694336,3525.8706847251437,4063.82566997228,4187.318270600457,11236.258731561322
SGDRegressor,LocalStandardScaler(stats_=[[26.17707098 10.38598099]]),"[1, 2, 7, 12]","{1: [<function expanding_mean at 0x000001DD68A92700>], 7: [<function rolling_mean_14 at 0x000001DD68FB0040>], 30: [<function expanding_mean at 0x000001DD68A92700>]}",lags_15_features_4,49.60921028519385,33.839922652726656,31.149696708639148,28.739492753581086,29.04109380435862,32.73692608916198,43.01221914944552,49.97909131411934,48.08708699864068,49.90493869232484,51.36527923881571,52.60747701374571,59.65011434208745
SGDRegressor,LocalStandardScaler(stats_=[[26.17707098 10.38598099]]),"[1, 2, 7, 12]","{1: [<function rolling_mean_14 at 0x000001DD68FB0040>], 7: [<function rolling_mean_30 at 0x000001DD68FF0C20>], 30: [<function expanding_mean at 0x000001DD68A92700>]}",lags_15_features_4,55.76846971956999,39.06069208007782,35.45180987926756,33.10172786312626,31.995953587284536,33.470566847468355,40.99853635308463,48.40166157796105,47.341477075878544,53.80614850864344,54.50234343994483,55.37867717654594,67.33903367624092
SGDRegressor,LocalMinMaxScaler(stats_=[[11.85277778 46.04993244]]),"[1, 2, 7, 12]","{1: [<function expanding_mean at 0x000001DD68A92700>], 7: [<function rolling_mean_14 at 0x000001DD68FB0040>], 30: [<function expanding_mean at 0x000001DD68A92700>]}",lags_15_features_4,49.82995446402137,33.791352891114315,29.040226019039984,31.982013427342448,32.30860841832612,31.750022226382857,34.5020110634266,43.73984390613015,43.212539743322694,56.52200321519222,57.38622038863441,58.13804759494112,79.10973585718902
SGDRegressor,LocalMinMaxScaler(stats_=[[11.85277778 46.04993244]]),"[1, 2, 7, 12]","{1: [<function rolling_mean_14 at 0x000001DD68FB0040>], 7: [<function rolling_mean_30 at 0x000001DD68FF0C20>], 30: [<function expanding_mean at 0x000001DD68A92700>]}",lags_15_features_4,42.70088302579704,30.414719225813258,26.742185364329014,25.280711121343625,23.884993726902337,26.106765602872755,34.43161500464127,44.261178266110484,44.78875201046033,47.0840497767302,47.419487548785945,50.629944220668456,59.56778746707765
SGDRegressor,"LocalBoxCox(lower=0.0, method=loglik, season_length=None, stats_=[[4.10226185e-05 0.00000000e+00]], upper=2.0)","[1, 2, 7, 12]","{1: [<function expanding_mean at 0x000001DD68A92700>], 7: [<function rolling_mean_14 at 0x000001DD68FB0040>], 30: [<function expanding_mean at 0x000001DD68A92700>]}",lags_15_features_4,50.92349680765466,45.82188493813833,58.16770450768788,88.2540471969843,119.14251922151509,139.0137493294527,160.30701733234812,146.75697506934762,129.0333636103646,159.83072936317936,203.77594729977946,180.90652964740278,250.2163865118843
SGDRegressor,"LocalBoxCox(lower=0.0, method=loglik, season_length=None, stats_=[[4.10226185e-05 0.00000000e+00]], upper=2.0)","[1, 2, 7, 12]","{1: [<function rolling_mean_14 at 0x000001DD68FB0040>], 7: [<function rolling_mean_30 at 0x000001DD68FF0C20>], 30: [<function expanding_mean at 0x000001DD68A92700>]}",lags_15_features_4,47.745587193164226,32.47869609740601,29.150878203385894,42.285383924208624,60.39595201097948,73.31029293890133,91.19203947504279,91.5581794838747,87.73047781068277,88.992615498797,114.52141977743726,108.38039839307227,133.26553497588708
SGDRegressor,AutoDifferences(max_diffs=20) | LocalStandardScaler(stats_=[[-0.50927342 10.374015  ]]),"[1, 2, 7, 12]","{1: [<function expanding_mean at 0x000001DD68A92700>], 7: [<function rolling_mean_14 at 0x000001DD68FB0040>], 30: [<function expanding_mean at 0x000001DD68A92700>]}",lags_15_features_4,83.59774432431698,132.48581406510039,162.46067154479405,178.2130977509127,172.85695883355893,154.05173364109865,126.30376954424291,110.25547116963088,130.2075585798388,345.1359637384521,362.9810985807284,354.5917193733973,992.7947915447974
SGDRegressor,AutoDifferences(max_diffs=20) | LocalStandardScaler(stats_=[[-0.50927342 10.374015  ]]),"[1, 2, 7, 12]","{1: [<function rolling_mean_14 at 0x000001DD68FB0040>], 7: [<function rolling_mean_30 at 0x000001DD68FF0C20>], 30: [<function expanding_mean at 0x000001DD68A92700>]}",lags_15_features_4,484.78863314556133,886.5487677957253,1311.4307404876113,1869.7901111133926,2353.7599530949788,2612.8734619951633,2730.4074507585615,2696.787530391658,3646.849958011242,8407.239241954861,9677.56983653481,9948.948419603512,26222.226737546003
SGDRegressor,AutoDifferences(max_diffs=20) | LocalMinMaxScaler(stats_=[[-29.0915991   62.86678319]]),"[1, 2, 7, 12]","{1: [<function expanding_mean at 0x000001DD68A92700>], 7: [<function rolling_mean_14 at 0x000001DD68FB0040>], 30: [<function expanding_mean at 0x000001DD68A92700>]}",lags_15_features_4,129.521616396754,459.80920244335596,1018.0210708099407,1949.8076766634956,2940.117120276916,3647.881186128471,4361.779745187023,4547.921967101725,6143.584788432627,13110.629707917855,15372.130143072107,15997.861058782999,41234.2476855311
SGDRegressor,AutoDifferences(max_diffs=20) | LocalMinMaxScaler(stats_=[[-29.0915991   62.86678319]]),"[1, 2, 7, 12]","{1: [<function rolling_mean_14 at 0x000001DD68FB0040>], 7: [<function rolling_mean_30 at 0x000001DD68FF0C20>], 30: [<function expanding_mean at 0x000001DD68A92700>]}",lags_15_features_4,785.3396613450811,1284.4772596203504,1668.2669887993056,2034.34718719735,2217.710436983247,2181.5920721468037,1866.4109223469857,1664.8719425082127,2314.1431233987396,6295.185885670288,7044.745515618253,7103.4737136325575,19606.162930683156
SGDRegressor,"AutoSeasonalDifferences(max_diffs=20, n_seasons=10, season_length=13) | LocalStandardScaler(stats_=[[26.17707098 10.38598099]])","[1, 2, 7, 12]","{1: [<function expanding_mean at 0x000001DD68A92700>], 7: [<function rolling_mean_14 at 0x000001DD68FB0040>], 30: [<function expanding_mean at 0x000001DD68A92700>]}",lags_15_features_4,49.60921028519385,33.839922652726656,31.149696708639148,28.739492753581086,29.04109380435862,32.73692608916198,43.01221914944552,49.97909131411934,48.08708699864068,49.90493869232484,51.36527923881571,52.60747701374571,59.65011434208745
SGDRegressor,"AutoSeasonalDifferences(max_diffs=20, n_seasons=10, season_length=13) | LocalStandardScaler(stats_=[[26.17707098 10.38598099]])","[1, 2, 7, 12]","{1: [<function rolling_mean_14 at 0x000001DD68FB0040>], 7: [<function rolling_mean_30 at 0x000001DD68FF0C20>], 30: [<function expanding_mean at 0x000001DD68A92700>]}",lags_15_features_4,55.76846971956999,39.06069208007782,35.45180987926756,33.10172786312626,31.995953587284536,33.470566847468355,40.99853635308463,48.40166157796105,47.341477075878544,53.80614850864344,54.50234343994483,55.37867717654594,67.33903367624092
SGDRegressor,"AutoSeasonalDifferences(max_diffs=20, n_seasons=10, season_length=13) | LocalMinMaxScaler(stats_=[[11.85277778 46.04993244]])","[1, 2, 7, 12]","{1: [<function expanding_mean at 0x000001DD68A92700>], 7: [<function rolling_mean_14 at 0x000001DD68FB0040>], 30: [<function expanding_mean at 0x000001DD68A92700>]}",lags_15_features_4,49.82995446402137,33.791352891114315,29.040226019039984,31.982013427342448,32.30860841832612,31.750022226382857,34.5020110634266,43.73984390613015,43.212539743322694,56.52200321519222,57.38622038863441,58.13804759494112,79.10973585718902
SGDRegressor,"AutoSeasonalDifferences(max_diffs=20, n_seasons=10, season_length=13) | LocalMinMaxScaler(stats_=[[11.85277778 46.04993244]])","[1, 2, 7, 12]","{1: [<function rolling_mean_14 at 0x000001DD68FB0040>], 7: [<function rolling_mean_30 at 0x000001DD68FF0C20>], 30: [<function expanding_mean at 0x000001DD68A92700>]}",lags_15_features_4,42.70088302579704,30.414719225813258,26.742185364329014,25.280711121343625,23.884993726902337,26.106765602872755,34.43161500464127,44.261178266110484,44.78875201046033,47.0840497767302,47.419487548785945,50.629944220668456,59.56778746707765
SGDRegressor,"AutoSeasonalDifferences(max_diffs=20, n_seasons=10, season_length=13) | LocalBoxCox(lower=0.0, method=loglik, season_length=None, stats_=[[4.10226185e-05 0.00000000e+00]], upper=2.0)","[1, 2, 7, 12]","{1: [<function expanding_mean at 0x000001DD68A92700>], 7: [<function rolling_mean_14 at 0x000001DD68FB0040>], 30: [<function expanding_mean at 0x000001DD68A92700>]}",lags_15_features_4,50.92349680765466,45.82188493813833,58.16770450768788,88.2540471969843,119.14251922151509,139.0137493294527,160.30701733234812,146.75697506934762,129.0333636103646,159.83072936317936,203.77594729977946,180.90652964740278,250.2163865118843
SGDRegressor,"AutoSeasonalDifferences(max_diffs=20, n_seasons=10, season_length=13) | LocalBoxCox(lower=0.0, method=loglik, season_length=None, stats_=[[4.10226185e-05 0.00000000e+00]], upper=2.0)","[1, 2, 7, 12]","{1: [<function rolling_mean_14 at 0x000001DD68FB0040>], 7: [<function rolling_mean_30 at 0x000001DD68FF0C20>], 30: [<function expanding_mean at 0x000001DD68A92700>]}",lags_15_features_4,47.745587193164226,32.47869609740601,29.150878203385894,42.285383924208624,60.39595201097948,73.31029293890133,91.19203947504279,91.5581794838747,87.73047781068277,88.992615498797,114.52141977743726,108.38039839307227,133.26553497588708
SGDRegressor,"AutoSeasonalityAndDifferences(max_diffs=20, max_season_length=13, n_seasons=10) | LocalStandardScaler(stats_=[[26.17707098 10.38598099]])","[1, 2, 7, 12]","{1: [<function expanding_mean at 0x000001DD68A92700>], 7: [<function rolling_mean_14 at 0x000001DD68FB0040>], 30: [<function expanding_mean at 0x000001DD68A92700>]}",lags_15_features_4,49.60921028519385,33.839922652726656,31.149696708639148,28.739492753581086,29.04109380435862,32.73692608916198,43.01221914944552,49.97909131411934,48.08708699864068,49.90493869232484,51.36527923881571,52.60747701374571,59.65011434208745
SGDRegressor,"AutoSeasonalityAndDifferences(max_diffs=20, max_season_length=13, n_seasons=10) | LocalStandardScaler(stats_=[[26.17707098 10.38598099]])","[1, 2, 7, 12]","{1: [<function rolling_mean_14 at 0x000001DD68FB0040>], 7: [<function rolling_mean_30 at 0x000001DD68FF0C20>], 30: [<function expanding_mean at 0x000001DD68A92700>]}",lags_15_features_4,55.76846971956999,39.06069208007782,35.45180987926756,33.10172786312626,31.995953587284536,33.470566847468355,40.99853635308463,48.40166157796105,47.341477075878544,53.80614850864344,54.50234343994483,55.37867717654594,67.33903367624092
SGDRegressor,"AutoSeasonalityAndDifferences(max_diffs=20, max_season_length=13, n_seasons=10) | LocalMinMaxScaler(stats_=[[11.85277778 46.04993244]])","[1, 2, 7, 12]","{1: [<function expanding_mean at 0x000001DD68A92700>], 7: [<function rolling_mean_14 at 0x000001DD68FB0040>], 30: [<function expanding_mean at 0x000001DD68A92700>]}",lags_15_features_4,49.82995446402137,33.791352891114315,29.040226019039984,31.982013427342448,32.30860841832612,31.750022226382857,34.5020110634266,43.73984390613015,43.212539743322694,56.52200321519222,57.38622038863441,58.13804759494112,79.10973585718902
SGDRegressor,"AutoSeasonalityAndDifferences(max_diffs=20, max_season_length=13, n_seasons=10) | LocalMinMaxScaler(stats_=[[11.85277778 46.04993244]])","[1, 2, 7, 12]","{1: [<function rolling_mean_14 at 0x000001DD68FB0040>], 7: [<function rolling_mean_30 at 0x000001DD68FF0C20>], 30: [<function expanding_mean at 0x000001DD68A92700>]}",lags_15_features_4,42.70088302579704,30.414719225813258,26.742185364329014,25.280711121343625,23.884993726902337,26.106765602872755,34.43161500464127,44.261178266110484,44.78875201046033,47.0840497767302,47.419487548785945,50.629944220668456,59.56778746707765
SGDRegressor,"AutoSeasonalityAndDifferences(max_diffs=20, max_season_length=13, n_seasons=10) | LocalBoxCox(lower=0.0, method=loglik, season_length=None, stats_=[[4.10226185e-05 0.00000000e+00]], upper=2.0)","[1, 2, 7, 12]","{1: [<function expanding_mean at 0x000001DD68A92700>], 7: [<function rolling_mean_14 at 0x000001DD68FB0040>], 30: [<function expanding_mean at 0x000001DD68A92700>]}",lags_15_features_4,50.92349680765466,45.82188493813833,58.16770450768788,88.2540471969843,119.14251922151509,139.0137493294527,160.30701733234812,146.75697506934762,129.0333636103646,159.83072936317936,203.77594729977946,180.90652964740278,250.2163865118843
SGDRegressor,"AutoSeasonalityAndDifferences(max_diffs=20, max_season_length=13, n_seasons=10) | LocalBoxCox(lower=0.0, method=loglik, season_length=None, stats_=[[4.10226185e-05 0.00000000e+00]], upper=2.0)","[1, 2, 7, 12]","{1: [<function rolling_mean_14 at 0x000001DD68FB0040>], 7: [<function rolling_mean_30 at 0x000001DD68FF0C20>], 30: [<function expanding_mean at 0x000001DD68A92700>]}",lags_15_features_4,47.745587193164226,32.47869609740601,29.150878203385894,42.285383924208624,60.39595201097948,73.31029293890133,91.19203947504279,91.5581794838747,87.73047781068277,88.992615498797,114.52141977743726,108.38039839307227,133.26553497588708
SGDRegressor,LocalStandardScaler(stats_=[[26.17707098 10.38598099]]),"[1, 2, 3, 4, 7, 10, 12, 14, 15]","{1: [<function expanding_mean at 0x000001DD68A92700>], 7: [<function rolling_mean_14 at 0x000001DD68FB0040>], 30: [<function expanding_mean at 0x000001DD68A92700>]}",lags_15_features_9,53.84981982323275,39.73688334309638,38.06650409688485,35.851141314968906,35.97242387327317,39.015879231682455,48.14089390493589,54.882416651779764,53.6368206163918,53.97947791418033,55.39725242473877,57.12261110548975,60.96556188489637
SGDRegressor,LocalStandardScaler(stats_=[[26.17707098 10.38598099]]),"[1, 2, 3, 4, 7, 10, 12, 14, 15]","{1: [<function rolling_mean_14 at 0x000001DD68FB0040>], 7: [<function rolling_mean_30 at 0x000001DD68FF0C20>], 30: [<function expanding_mean at 0x000001DD68A92700>]}",lags_15_features_9,55.047680648573895,39.25972917569813,35.97637901718077,33.627565835809584,32.68880750078785,34.155204872458434,41.589371185801056,49.037789550529084,48.137619343473105,53.802820322116105,54.54976198076377,55.653474194075756,66.77928189577436
SGDRegressor,LocalMinMaxScaler(stats_=[[11.85277778 46.04993244]]),"[1, 2, 3, 4, 7, 10, 12, 14, 15]","{1: [<function expanding_mean at 0x000001DD68A92700>], 7: [<function rolling_mean_14 at 0x000001DD68FB0040>], 30: [<function expanding_mean at 0x000001DD68A92700>]}",lags_15_features_9,49.76809750312738,33.72039028600134,28.947474480065633,31.876298960649823,32.197511804110896,31.659221314698122,34.44475187339516,43.69032742589333,43.19312463107378,56.42197164953332,57.29502737018659,58.07034105058526,78.95988184347206
SGDRegressor,LocalMinMaxScaler(stats_=[[11.85277778 46.04993244]]),"[1, 2, 3, 4, 7, 10, 12, 14, 15]","{1: [<function rolling_mean_14 at 0x000001DD68FB0040>], 7: [<function rolling_mean_30 at 0x000001DD68FF0C20>], 30: [<function expanding_mean at 0x000001DD68A92700>]}",lags_15_features_9,42.71065726027699,30.49252712131724,26.8450754277872,25.345694062125602,23.951061867399552,26.18118281716692,34.51086445219141,44.32985817640736,44.86595785567219,47.076024997641284,47.41113599765016,50.63406830768881,59.47489388126135
SGDRegressor,"LocalBoxCox(lower=0.0, method=loglik, season_length=None, stats_=[[4.10226185e-05 0.00000000e+00]], upper=2.0)","[1, 2, 3, 4, 7, 10, 12, 14, 15]","{1: [<function expanding_mean at 0x000001DD68A92700>], 7: [<function rolling_mean_14 at 0x000001DD68FB0040>], 30: [<function expanding_mean at 0x000001DD68A92700>]}",lags_15_features_9,48.041232235567705,37.316213723696045,42.833830403279,63.899010479441664,85.82294483702276,98.98143939197003,111.08375943900705,104.14768946660855,93.74816225423918,118.09048649303475,150.85482362943364,135.3444404027887,190.27222457023507
SGDRegressor,"LocalBoxCox(lower=0.0, method=loglik, season_length=None, stats_=[[4.10226185e-05 0.00000000e+00]], upper=2.0)","[1, 2, 3, 4, 7, 10, 12, 14, 15]","{1: [<function rolling_mean_14 at 0x000001DD68FB0040>], 7: [<function rolling_mean_30 at 0x000001DD68FF0C20>], 30: [<function expanding_mean at 0x000001DD68A92700>]}",lags_15_features_9,50.7470734869212,37.19951556972536,33.320929522960654,37.009043868263475,46.612026677740495,55.08933035704956,71.79080038325955,73.17340245142616,72.83121997470859,68.16354839353322,87.8406929527959,85.23637447443627,97.82444536309747
SGDRegressor,AutoDifferences(max_diffs=20) | LocalStandardScaler(stats_=[[-0.50927342 10.374015  ]]),"[1, 2, 3, 4, 7, 10, 12, 14, 15]","{1: [<function expanding_mean at 0x000001DD68A92700>], 7: [<function rolling_mean_14 at 0x000001DD68FB0040>], 30: [<function expanding_mean at 0x000001DD68A92700>]}",lags_15_features_9,72.80224989487054,112.25451485706992,123.75586354387693,106.91989521695962,112.59554906321362,137.0941247819567,185.22063322880226,207.39064437582863,275.89523346940916,436.2552582994763,522.1243494702918,570.2384297412966,1367.9950949388697
SGDRegressor,AutoDifferences(max_diffs=20) | LocalStandardScaler(stats_=[[-0.50927342 10.374015  ]]),"[1, 2, 3, 4, 7, 10, 12, 14, 15]","{1: [<function rolling_mean_14 at 0x000001DD68FB0040>], 7: [<function rolling_mean_30 at 0x000001DD68FF0C20>], 30: [<function expanding_mean at 0x000001DD68A92700>]}",lags_15_features_9,519.1073717447213,975.6908592751118,1453.9927072988469,2077.737313740984,2614.711618938679,2899.2368432054022,3021.872458602911,2985.682802770019,4060.0701631956213,9439.987015024011,10863.739891688825,11171.26352567506,29544.617235401893
SGDRegressor,AutoDifferences(max_diffs=20) | LocalMinMaxScaler(stats_=[[-29.0915991   62.86678319]]),"[1, 2, 3, 4, 7, 10, 12, 14, 15]","{1: [<function expanding_mean at 0x000001DD68A92700>], 7: [<function rolling_mean_14 at 0x000001DD68FB0040>], 30: [<function expanding_mean at 0x000001DD68A92700>]}",lags_15_features_9,127.99682957988863,456.6140199705109,1015.2184133470971,1950.2072208929046,2945.7990906359955,3658.6556627986183,4379.86020771322,4575.590217181677,6197.93514061972,13249.805548647942,15531.745872618652,16171.690851623494,41719.89804748161
SGDRegressor,AutoDifferences(max_diffs=20) | LocalMinMaxScaler(stats_=[[-29.0915991   62.86678319]]),"[1, 2, 3, 4, 7, 10, 12, 14, 15]","{1: [<function rolling_mean_14 at 0x000001DD68FB0040>], 7: [<function rolling_mean_30 at 0x000001DD68FF0C20>], 30: [<function expanding_mean at 0x000001DD68A92700>]}",lags_15_features_9,786.7631856060963,1293.8263875909133,1685.9324810024227,2062.4762627337755,2254.749054221213,2223.447964366212,1910.6164933706464,1707.989578676386,2372.6929381736754,6435.5863500030555,7207.825246750478,7270.663263566684,20054.471905202412
SGDRegressor,"AutoSeasonalDifferences(max_diffs=20, n_seasons=10, season_length=13) | LocalStandardScaler(stats_=[[26.17707098 10.38598099]])","[1, 2, 3, 4, 7, 10, 12, 14, 15]","{1: [<function expanding_mean at 0x000001DD68A92700>], 7: [<function rolling_mean_14 at 0x000001DD68FB0040>], 30: [<function expanding_mean at 0x000001DD68A92700>]}",lags_15_features_9,53.84981982323275,39.73688334309638,38.06650409688485,35.851141314968906,35.97242387327317,39.015879231682455,48.14089390493589,54.882416651779764,53.6368206163918,53.97947791418033,55.39725242473877,57.12261110548975,60.96556188489637
SGDRegressor,"AutoSeasonalDifferences(max_diffs=20, n_seasons=10, season_length=13) | LocalStandardScaler(stats_=[[26.17707098 10.38598099]])","[1, 2, 3, 4, 7, 10, 12, 14, 15]","{1: [<function rolling_mean_14 at 0x000001DD68FB0040>], 7: [<function rolling_mean_30 at 0x000001DD68FF0C20>], 30: [<function expanding_mean at 0x000001DD68A92700>]}",lags_15_features_9,55.047680648573895,39.25972917569813,35.97637901718077,33.627565835809584,32.68880750078785,34.155204872458434,41.589371185801056,49.037789550529084,48.137619343473105,53.802820322116105,54.54976198076377,55.653474194075756,66.77928189577436
SGDRegressor,"AutoSeasonalDifferences(max_diffs=20, n_seasons=10, season_length=13) | LocalMinMaxScaler(stats_=[[11.85277778 46.04993244]])","[1, 2, 3, 4, 7, 10, 12, 14, 15]","{1: [<function expanding_mean at 0x000001DD68A92700>], 7: [<function rolling_mean_14 at 0x000001DD68FB0040>], 30: [<function expanding_mean at 0x000001DD68A92700>]}",lags_15_features_9,49.76809750312738,33.72039028600134,28.947474480065633,31.876298960649823,32.197511804110896,31.659221314698122,34.44475187339516,43.69032742589333,43.19312463107378,56.42197164953332,57.29502737018659,58.07034105058526,78.95988184347206
SGDRegressor,"AutoSeasonalDifferences(max_diffs=20, n_seasons=10, season_length=13) | LocalMinMaxScaler(stats_=[[11.85277778 46.04993244]])","[1, 2, 3, 4, 7, 10, 12, 14, 15]","{1: [<function rolling_mean_14 at 0x000001DD68FB0040>], 7: [<function rolling_mean_30 at 0x000001DD68FF0C20>], 30: [<function expanding_mean at 0x000001DD68A92700>]}",lags_15_features_9,42.71065726027699,30.49252712131724,26.8450754277872,25.345694062125602,23.951061867399552,26.18118281716692,34.51086445219141,44.32985817640736,44.86595785567219,47.076024997641284,47.41113599765016,50.63406830768881,59.47489388126135
SGDRegressor,"AutoSeasonalDifferences(max_diffs=20, n_seasons=10, season_length=13) | LocalBoxCox(lower=0.0, method=loglik, season_length=None, stats_=[[4.10226185e-05 0.00000000e+00]], upper=2.0)","[1, 2, 3, 4, 7, 10, 12, 14, 15]","{1: [<function expanding_mean at 0x000001DD68A92700>], 7: [<function rolling_mean_14 at 0x000001DD68FB0040>], 30: [<function expanding_mean at 0x000001DD68A92700>]}",lags_15_features_9,48.041232235567705,37.316213723696045,42.833830403279,63.899010479441664,85.82294483702276,98.98143939197003,111.08375943900705,104.14768946660855,93.74816225423918,118.09048649303475,150.85482362943364,135.3444404027887,190.27222457023507
SGDRegressor,"AutoSeasonalDifferences(max_diffs=20, n_seasons=10, season_length=13) | LocalBoxCox(lower=0.0, method=loglik, season_length=None, stats_=[[4.10226185e-05 0.00000000e+00]], upper=2.0)","[1, 2, 3, 4, 7, 10, 12, 14, 15]","{1: [<function rolling_mean_14 at 0x000001DD68FB0040>], 7: [<function rolling_mean_30 at 0x000001DD68FF0C20>], 30: [<function expanding_mean at 0x000001DD68A92700>]}",lags_15_features_9,50.7470734869212,37.19951556972536,33.320929522960654,37.009043868263475,46.612026677740495,55.08933035704956,71.79080038325955,73.17340245142616,72.83121997470859,68.16354839353322,87.8406929527959,85.23637447443627,97.82444536309747
SGDRegressor,"AutoSeasonalityAndDifferences(max_diffs=20, max_season_length=13, n_seasons=10) | LocalStandardScaler(stats_=[[26.17707098 10.38598099]])","[1, 2, 3, 4, 7, 10, 12, 14, 15]","{1: [<function expanding_mean at 0x000001DD68A92700>], 7: [<function rolling_mean_14 at 0x000001DD68FB0040>], 30: [<function expanding_mean at 0x000001DD68A92700>]}",lags_15_features_9,53.84981982323275,39.73688334309638,38.06650409688485,35.851141314968906,35.97242387327317,39.015879231682455,48.14089390493589,54.882416651779764,53.6368206163918,53.97947791418033,55.39725242473877,57.12261110548975,60.96556188489637
SGDRegressor,"AutoSeasonalityAndDifferences(max_diffs=20, max_season_length=13, n_seasons=10) | LocalStandardScaler(stats_=[[26.17707098 10.38598099]])","[1, 2, 3, 4, 7, 10, 12, 14, 15]","{1: [<function rolling_mean_14 at 0x000001DD68FB0040>], 7: [<function rolling_mean_30 at 0x000001DD68FF0C20>], 30: [<function expanding_mean at 0x000001DD68A92700>]}",lags_15_features_9,55.047680648573895,39.25972917569813,35.97637901718077,33.627565835809584,32.68880750078785,34.155204872458434,41.589371185801056,49.037789550529084,48.137619343473105,53.802820322116105,54.54976198076377,55.653474194075756,66.77928189577436
SGDRegressor,"AutoSeasonalityAndDifferences(max_diffs=20, max_season_length=13, n_seasons=10) | LocalMinMaxScaler(stats_=[[11.85277778 46.04993244]])","[1, 2, 3, 4, 7, 10, 12, 14, 15]","{1: [<function expanding_mean at 0x000001DD68A92700>], 7: [<function rolling_mean_14 at 0x000001DD68FB0040>], 30: [<function expanding_mean at 0x000001DD68A92700>]}",lags_15_features_9,49.76809750312738,33.72039028600134,28.947474480065633,31.876298960649823,32.197511804110896,31.659221314698122,34.44475187339516,43.69032742589333,43.19312463107378,56.42197164953332,57.29502737018659,58.07034105058526,78.95988184347206
SGDRegressor,"AutoSeasonalityAndDifferences(max_diffs=20, max_season_length=13, n_seasons=10) | LocalMinMaxScaler(stats_=[[11.85277778 46.04993244]])","[1, 2, 3, 4, 7, 10, 12, 14, 15]","{1: [<function rolling_mean_14 at 0x000001DD68FB0040>], 7: [<function rolling_mean_30 at 0x000001DD68FF0C20>], 30: [<function expanding_mean at 0x000001DD68A92700>]}",lags_15_features_9,42.71065726027699,30.49252712131724,26.8450754277872,25.345694062125602,23.951061867399552,26.18118281716692,34.51086445219141,44.32985817640736,44.86595785567219,47.076024997641284,47.41113599765016,50.63406830768881,59.47489388126135
SGDRegressor,"AutoSeasonalityAndDifferences(max_diffs=20, max_season_length=13, n_seasons=10) | LocalBoxCox(lower=0.0, method=loglik, season_length=None, stats_=[[4.10226185e-05 0.00000000e+00]], upper=2.0)","[1, 2, 3, 4, 7, 10, 12, 14, 15]","{1: [<function expanding_mean at 0x000001DD68A92700>], 7: [<function rolling_mean_14 at 0x000001DD68FB0040>], 30: [<function expanding_mean at 0x000001DD68A92700>]}",lags_15_features_9,48.041232235567705,37.316213723696045,42.833830403279,63.899010479441664,85.82294483702276,98.98143939197003,111.08375943900705,104.14768946660855,93.74816225423918,118.09048649303475,150.85482362943364,135.3444404027887,190.27222457023507
SGDRegressor,"AutoSeasonalityAndDifferences(max_diffs=20, max_season_length=13, n_seasons=10) | LocalBoxCox(lower=0.0, method=loglik, season_length=None, stats_=[[4.10226185e-05 0.00000000e+00]], upper=2.0)","[1, 2, 3, 4, 7, 10, 12, 14, 15]","{1: [<function rolling_mean_14 at 0x000001DD68FB0040>], 7: [<function rolling_mean_30 at 0x000001DD68FF0C20>], 30: [<function expanding_mean at 0x000001DD68A92700>]}",lags_15_features_9,50.7470734869212,37.19951556972536,33.320929522960654,37.009043868263475,46.612026677740495,55.08933035704956,71.79080038325955,73.17340245142616,72.83121997470859,68.16354839353322,87.8406929527959,85.23637447443627,97.82444536309747
SGDRegressor,LocalStandardScaler(stats_=[[26.17707098 10.38598099]]),"[1, 2, 3, 4, 5, 6, 7, 8, 9, 10, 11, 12, 13, 14, 15]","{1: [<function expanding_mean at 0x000001DD68A92700>], 7: [<function rolling_mean_14 at 0x000001DD68FB0040>], 30: [<function expanding_mean at 0x000001DD68A92700>]}",lags_15_features_15,53.655926991002644,39.84751518280679,38.236918088180694,35.75954691890518,35.76473712643271,38.61320793138025,47.505076623702266,54.3185364517934,53.13075368840916,53.883576903945,55.329406442568384,57.001956413232016,61.31139372246525
SGDRegressor,LocalStandardScaler(stats_=[[26.17707098 10.38598099]]),"[1, 2, 3, 4, 5, 6, 7, 8, 9, 10, 11, 12, 13, 14, 15]","{1: [<function rolling_mean_14 at 0x000001DD68FB0040>], 7: [<function rolling_mean_30 at 0x000001DD68FF0C20>], 30: [<function expanding_mean at 0x000001DD68A92700>]}",lags_15_features_15,50.70182648493172,35.54857858315992,32.7527460500028,30.470322808069717,29.745424862589857,32.21882437728616,41.1963531158437,48.56738597341498,47.17745806283103,51.54988641118232,52.6369337099031,53.7513103480194,63.487770608415964
SGDRegressor,LocalMinMaxScaler(stats_=[[11.85277778 46.04993244]]),"[1, 2, 3, 4, 5, 6, 7, 8, 9, 10, 11, 12, 13, 14, 15]","{1: [<function expanding_mean at 0x000001DD68A92700>], 7: [<function rolling_mean_14 at 0x000001DD68FB0040>], 30: [<function expanding_mean at 0x000001DD68A92700>]}",lags_15_features_15,49.75743853833274,33.717446743407294,28.940995316690017,31.873475062695622,32.196409142088996,31.657926904950358,34.43910475252599,43.68382974949297,43.19565215309963,56.41054621456476,57.288691560840434,58.06721203893059,78.94385724067872
SGDRegressor,LocalMinMaxScaler(stats_=[[11.85277778 46.04993244]]),"[1, 2, 3, 4, 5, 6, 7, 8, 9, 10, 11, 12, 13, 14, 15]","{1: [<function rolling_mean_14 at 0x000001DD68FB0040>], 7: [<function rolling_mean_30 at 0x000001DD68FF0C20>], 30: [<function expanding_mean at 0x000001DD68A92700>]}",lags_15_features_15,42.757947823256295,30.542185982239573,26.89610100266994,25.379606431495688,23.98372211310282,26.215123908103777,34.54461727414053,44.358208572086404,44.89643132450386,47.075256934012614,47.40982960552541,50.63649997402819,59.442408452076954
SGDRegressor,"LocalBoxCox(lower=0.0, method=loglik, season_length=None, stats_=[[4.10226185e-05 0.00000000e+00]], upper=2.0)","[1, 2, 3, 4, 5, 6, 7, 8, 9, 10, 11, 12, 13, 14, 15]","{1: [<function expanding_mean at 0x000001DD68A92700>], 7: [<function rolling_mean_14 at 0x000001DD68FB0040>], 30: [<function expanding_mean at 0x000001DD68A92700>]}",lags_15_features_15,45.44849428723818,30.617180722186937,25.855506297793756,32.69883024085128,40.57037899067103,43.87194634956958,45.329157126057055,50.40782246320609,50.83798483315542,59.5016006106116,71.15150931663662,68.93971396512988,92.84779125735771
SGDRegressor,"LocalBoxCox(lower=0.0, method=loglik, season_length=None, stats_=[[4.10226185e-05 0.00000000e+00]], upper=2.0)","[1, 2, 3, 4, 5, 6, 7, 8, 9, 10, 11, 12, 13, 14, 15]","{1: [<function rolling_mean_14 at 0x000001DD68FB0040>], 7: [<function rolling_mean_30 at 0x000001DD68FF0C20>], 30: [<function expanding_mean at 0x000001DD68A92700>]}",lags_15_features_15,52.80345254626532,38.3705690485841,34.92595531568371,38.29067242965607,47.430827059506214,56.393926841364284,81.43229718095158,79.21594067174314,74.5786082599336,70.02953020187232,96.06215021197083,92.10410848283999,108.17548088906874
SGDRegressor,AutoDifferences(max_diffs=20) | LocalStandardScaler(stats_=[[-0.50927342 10.374015  ]]),"[1, 2, 3, 4, 5, 6, 7, 8, 9, 10, 11, 12, 13, 14, 15]","{1: [<function expanding_mean at 0x000001DD68A92700>], 7: [<function rolling_mean_14 at 0x000001DD68FB0040>], 30: [<function expanding_mean at 0x000001DD68A92700>]}",lags_15_features_15,62.769540033535996,85.27265282598235,81.1813924550249,79.7284287555776,110.95140817561371,146.76498547527598,198.69638327848622,215.02966657418975,284.4403711770072,508.71260698474055,613.3337488257794,653.4716527449111,1615.1115966506836
SGDRegressor,AutoDifferences(max_diffs=20) | LocalStandardScaler(stats_=[[-0.50927342 10.374015  ]]),"[1, 2, 3, 4, 5, 6, 7, 8, 9, 10, 11, 12, 13, 14, 15]","{1: [<function rolling_mean_14 at 0x000001DD68FB0040>], 7: [<function rolling_mean_30 at 0x000001DD68FF0C20>], 30: [<function expanding_mean at 0x000001DD68A92700>]}",lags_15_features_15,422.70385882647406,787.1412402389141,1164.3547118893468,1652.3366475584514,2069.548993469081,2288.1485746147932,2377.0024746076056,2345.0503258874483,3181.986004315724,7389.9985536826935,8498.408975373419,8735.050460430117,23082.140885288663
SGDRegressor,AutoDifferences(max_diffs=20) | LocalMinMaxScaler(stats_=[[-29.0915991   62.86678319]]),"[1, 2, 3, 4, 5, 6, 7, 8, 9, 10, 11, 12, 13, 14, 15]","{1: [<function expanding_mean at 0x000001DD68A92700>], 7: [<function rolling_mean_14 at 0x000001DD68FB0040>], 30: [<function expanding_mean at 0x000001DD68A92700>]}",lags_15_features_15,125.25723974021075,450.64636064700017,1007.9462413230569,1943.7640833595865,2942.422615599694,3659.0590839298657,4386.660740175116,4591.500843404574,6235.05297607315,13347.676955814117,15643.834792465006,16296.020699726185,42072.482278289215
SGDRegressor,AutoDifferences(max_diffs=20) | LocalMinMaxScaler(stats_=[[-29.0915991   62.86678319]]),"[1, 2, 3, 4, 5, 6, 7, 8, 9, 10, 11, 12, 13, 14, 15]","{1: [<function rolling_mean_14 at 0x000001DD68FB0040>], 7: [<function rolling_mean_30 at 0x000001DD68FF0C20>], 30: [<function expanding_mean at 0x000001DD68A92700>]}",lags_15_features_15,789.3683178924078,1306.4222191806446,1708.9597907659795,2098.738257471755,2302.3616462789632,2277.222432602931,1967.449564135048,1763.6321300581371,2448.4324860108536,6616.325381469389,7417.509021459851,7485.8235480650665,20630.197868927462
SGDRegressor,"AutoSeasonalDifferences(max_diffs=20, n_seasons=10, season_length=13) | LocalStandardScaler(stats_=[[26.17707098 10.38598099]])","[1, 2, 3, 4, 5, 6, 7, 8, 9, 10, 11, 12, 13, 14, 15]","{1: [<function expanding_mean at 0x000001DD68A92700>], 7: [<function rolling_mean_14 at 0x000001DD68FB0040>], 30: [<function expanding_mean at 0x000001DD68A92700>]}",lags_15_features_15,53.655926991002644,39.84751518280679,38.236918088180694,35.75954691890518,35.76473712643271,38.61320793138025,47.505076623702266,54.3185364517934,53.13075368840916,53.883576903945,55.329406442568384,57.001956413232016,61.31139372246525
SGDRegressor,"AutoSeasonalDifferences(max_diffs=20, n_seasons=10, season_length=13) | LocalStandardScaler(stats_=[[26.17707098 10.38598099]])","[1, 2, 3, 4, 5, 6, 7, 8, 9, 10, 11, 12, 13, 14, 15]","{1: [<function rolling_mean_14 at 0x000001DD68FB0040>], 7: [<function rolling_mean_30 at 0x000001DD68FF0C20>], 30: [<function expanding_mean at 0x000001DD68A92700>]}",lags_15_features_15,50.70182648493172,35.54857858315992,32.7527460500028,30.470322808069717,29.745424862589857,32.21882437728616,41.1963531158437,48.56738597341498,47.17745806283103,51.54988641118232,52.6369337099031,53.7513103480194,63.487770608415964
SGDRegressor,"AutoSeasonalDifferences(max_diffs=20, n_seasons=10, season_length=13) | LocalMinMaxScaler(stats_=[[11.85277778 46.04993244]])","[1, 2, 3, 4, 5, 6, 7, 8, 9, 10, 11, 12, 13, 14, 15]","{1: [<function expanding_mean at 0x000001DD68A92700>], 7: [<function rolling_mean_14 at 0x000001DD68FB0040>], 30: [<function expanding_mean at 0x000001DD68A92700>]}",lags_15_features_15,49.75743853833274,33.717446743407294,28.940995316690017,31.873475062695622,32.196409142088996,31.657926904950358,34.43910475252599,43.68382974949297,43.19565215309963,56.41054621456476,57.288691560840434,58.06721203893059,78.94385724067872
SGDRegressor,"AutoSeasonalDifferences(max_diffs=20, n_seasons=10, season_length=13) | LocalMinMaxScaler(stats_=[[11.85277778 46.04993244]])","[1, 2, 3, 4, 5, 6, 7, 8, 9, 10, 11, 12, 13, 14, 15]","{1: [<function rolling_mean_14 at 0x000001DD68FB0040>], 7: [<function rolling_mean_30 at 0x000001DD68FF0C20>], 30: [<function expanding_mean at 0x000001DD68A92700>]}",lags_15_features_15,42.757947823256295,30.542185982239573,26.89610100266994,25.379606431495688,23.98372211310282,26.215123908103777,34.54461727414053,44.358208572086404,44.89643132450386,47.075256934012614,47.40982960552541,50.63649997402819,59.442408452076954
SGDRegressor,"AutoSeasonalDifferences(max_diffs=20, n_seasons=10, season_length=13) | LocalBoxCox(lower=0.0, method=loglik, season_length=None, stats_=[[4.10226185e-05 0.00000000e+00]], upper=2.0)","[1, 2, 3, 4, 5, 6, 7, 8, 9, 10, 11, 12, 13, 14, 15]","{1: [<function expanding_mean at 0x000001DD68A92700>], 7: [<function rolling_mean_14 at 0x000001DD68FB0040>], 30: [<function expanding_mean at 0x000001DD68A92700>]}",lags_15_features_15,45.44849428723818,30.617180722186937,25.855506297793756,32.69883024085128,40.57037899067103,43.87194634956958,45.329157126057055,50.40782246320609,50.83798483315542,59.5016006106116,71.15150931663662,68.93971396512988,92.84779125735771
SGDRegressor,"AutoSeasonalDifferences(max_diffs=20, n_seasons=10, season_length=13) | LocalBoxCox(lower=0.0, method=loglik, season_length=None, stats_=[[4.10226185e-05 0.00000000e+00]], upper=2.0)","[1, 2, 3, 4, 5, 6, 7, 8, 9, 10, 11, 12, 13, 14, 15]","{1: [<function rolling_mean_14 at 0x000001DD68FB0040>], 7: [<function rolling_mean_30 at 0x000001DD68FF0C20>], 30: [<function expanding_mean at 0x000001DD68A92700>]}",lags_15_features_15,52.80345254626532,38.3705690485841,34.92595531568371,38.29067242965607,47.430827059506214,56.393926841364284,81.43229718095158,79.21594067174314,74.5786082599336,70.02953020187232,96.06215021197083,92.10410848283999,108.17548088906874
SGDRegressor,"AutoSeasonalityAndDifferences(max_diffs=20, max_season_length=13, n_seasons=10) | LocalStandardScaler(stats_=[[26.17707098 10.38598099]])","[1, 2, 3, 4, 5, 6, 7, 8, 9, 10, 11, 12, 13, 14, 15]","{1: [<function expanding_mean at 0x000001DD68A92700>], 7: [<function rolling_mean_14 at 0x000001DD68FB0040>], 30: [<function expanding_mean at 0x000001DD68A92700>]}",lags_15_features_15,53.655926991002644,39.84751518280679,38.236918088180694,35.75954691890518,35.76473712643271,38.61320793138025,47.505076623702266,54.3185364517934,53.13075368840916,53.883576903945,55.329406442568384,57.001956413232016,61.31139372246525
SGDRegressor,"AutoSeasonalityAndDifferences(max_diffs=20, max_season_length=13, n_seasons=10) | LocalStandardScaler(stats_=[[26.17707098 10.38598099]])","[1, 2, 3, 4, 5, 6, 7, 8, 9, 10, 11, 12, 13, 14, 15]","{1: [<function rolling_mean_14 at 0x000001DD68FB0040>], 7: [<function rolling_mean_30 at 0x000001DD68FF0C20>], 30: [<function expanding_mean at 0x000001DD68A92700>]}",lags_15_features_15,50.70182648493172,35.54857858315992,32.7527460500028,30.470322808069717,29.745424862589857,32.21882437728616,41.1963531158437,48.56738597341498,47.17745806283103,51.54988641118232,52.6369337099031,53.7513103480194,63.487770608415964
SGDRegressor,"AutoSeasonalityAndDifferences(max_diffs=20, max_season_length=13, n_seasons=10) | LocalMinMaxScaler(stats_=[[11.85277778 46.04993244]])","[1, 2, 3, 4, 5, 6, 7, 8, 9, 10, 11, 12, 13, 14, 15]","{1: [<function expanding_mean at 0x000001DD68A92700>], 7: [<function rolling_mean_14 at 0x000001DD68FB0040>], 30: [<function expanding_mean at 0x000001DD68A92700>]}",lags_15_features_15,49.75743853833274,33.717446743407294,28.940995316690017,31.873475062695622,32.196409142088996,31.657926904950358,34.43910475252599,43.68382974949297,43.19565215309963,56.41054621456476,57.288691560840434,58.06721203893059,78.94385724067872
SGDRegressor,"AutoSeasonalityAndDifferences(max_diffs=20, max_season_length=13, n_seasons=10) | LocalMinMaxScaler(stats_=[[11.85277778 46.04993244]])","[1, 2, 3, 4, 5, 6, 7, 8, 9, 10, 11, 12, 13, 14, 15]","{1: [<function rolling_mean_14 at 0x000001DD68FB0040>], 7: [<function rolling_mean_30 at 0x000001DD68FF0C20>], 30: [<function expanding_mean at 0x000001DD68A92700>]}",lags_15_features_15,42.757947823256295,30.542185982239573,26.89610100266994,25.379606431495688,23.98372211310282,26.215123908103777,34.54461727414053,44.358208572086404,44.89643132450386,47.075256934012614,47.40982960552541,50.63649997402819,59.442408452076954
SGDRegressor,"AutoSeasonalityAndDifferences(max_diffs=20, max_season_length=13, n_seasons=10) | LocalBoxCox(lower=0.0, method=loglik, season_length=None, stats_=[[4.10226185e-05 0.00000000e+00]], upper=2.0)","[1, 2, 3, 4, 5, 6, 7, 8, 9, 10, 11, 12, 13, 14, 15]","{1: [<function expanding_mean at 0x000001DD68A92700>], 7: [<function rolling_mean_14 at 0x000001DD68FB0040>], 30: [<function expanding_mean at 0x000001DD68A92700>]}",lags_15_features_15,45.44849428723818,30.617180722186937,25.855506297793756,32.69883024085128,40.57037899067103,43.87194634956958,45.329157126057055,50.40782246320609,50.83798483315542,59.5016006106116,71.15150931663662,68.93971396512988,92.84779125735771
SGDRegressor,"AutoSeasonalityAndDifferences(max_diffs=20, max_season_length=13, n_seasons=10) | LocalBoxCox(lower=0.0, method=loglik, season_length=None, stats_=[[4.10226185e-05 0.00000000e+00]], upper=2.0)","[1, 2, 3, 4, 5, 6, 7, 8, 9, 10, 11, 12, 13, 14, 15]","{1: [<function rolling_mean_14 at 0x000001DD68FB0040>], 7: [<function rolling_mean_30 at 0x000001DD68FF0C20>], 30: [<function expanding_mean at 0x000001DD68A92700>]}",lags_15_features_15,52.80345254626532,38.3705690485841,34.92595531568371,38.29067242965607,47.430827059506214,56.393926841364284,81.43229718095158,79.21594067174314,74.5786082599336,70.02953020187232,96.06215021197083,92.10410848283999,108.17548088906874
SGDRegressor,LocalStandardScaler(stats_=[[26.17707098 10.38598099]]),"[2, 7, 15, 16, 18, 20]","{1: [<function expanding_mean at 0x000001DD68A92700>], 7: [<function rolling_mean_14 at 0x000001DD68FB0040>], 30: [<function expanding_mean at 0x000001DD68A92700>]}",lags_20_features_6,52.59471792053919,42.286819681278615,41.74148635846242,41.0158453711475,42.22163556492535,46.201313293775115,55.368948265384724,61.14385744084837,59.189186870087326,55.183905177889145,57.52265030678183,59.27750768686694,58.370881374717285
SGDRegressor,LocalStandardScaler(stats_=[[26.17707098 10.38598099]]),"[2, 7, 15, 16, 18, 20]","{1: [<function rolling_mean_14 at 0x000001DD68FB0040>], 7: [<function rolling_mean_30 at 0x000001DD68FF0C20>], 30: [<function expanding_mean at 0x000001DD68A92700>]}",lags_20_features_6,55.71243573693664,39.117538109556776,35.8389503449348,33.13365038549495,31.98027640069973,33.6045557641358,41.51026449574882,48.80358607486579,47.59652403312499,53.37624749413197,54.22845754170558,55.09828377052934,66.30511743298686
SGDRegressor,LocalMinMaxScaler(stats_=[[11.85277778 46.04993244]]),"[2, 7, 15, 16, 18, 20]","{1: [<function expanding_mean at 0x000001DD68A92700>], 7: [<function rolling_mean_14 at 0x000001DD68FB0040>], 30: [<function expanding_mean at 0x000001DD68A92700>]}",lags_20_features_6,49.59455372746999,33.41944273088399,28.510672852238507,31.317618574907847,31.582445677759935,31.145803377955517,34.17403935178015,43.48614120276055,43.06939892727269,55.9468262129344,56.81875345192382,57.70224934131194,78.22099409488513
SGDRegressor,LocalMinMaxScaler(stats_=[[11.85277778 46.04993244]]),"[2, 7, 15, 16, 18, 20]","{1: [<function rolling_mean_14 at 0x000001DD68FB0040>], 7: [<function rolling_mean_30 at 0x000001DD68FF0C20>], 30: [<function expanding_mean at 0x000001DD68A92700>]}",lags_20_features_6,42.71457856737794,30.455292285017077,26.79078988563025,25.311298975909658,23.914215454720935,26.140375819387714,34.468463847303994,44.2915417524822,44.8226370016282,47.07808398042078,47.413644391960275,50.62904607124463,59.52179642460788
SGDRegressor,"LocalBoxCox(lower=0.0, method=loglik, season_length=None, stats_=[[4.10226185e-05 0.00000000e+00]], upper=2.0)","[2, 7, 15, 16, 18, 20]","{1: [<function expanding_mean at 0x000001DD68A92700>], 7: [<function rolling_mean_14 at 0x000001DD68FB0040>], 30: [<function expanding_mean at 0x000001DD68A92700>]}",lags_20_features_6,47.65142029854222,31.900739884801883,29.170373246748678,40.55651956853355,53.50295345288345,60.335009151966666,64.9883204226433,67.56034330023196,65.04560238866041,76.67975512740078,94.25698554819331,88.76788393401733,119.94470907739858
SGDRegressor,"LocalBoxCox(lower=0.0, method=loglik, season_length=None, stats_=[[4.10226185e-05 0.00000000e+00]], upper=2.0)","[2, 7, 15, 16, 18, 20]","{1: [<function rolling_mean_14 at 0x000001DD68FB0040>], 7: [<function rolling_mean_30 at 0x000001DD68FF0C20>], 30: [<function expanding_mean at 0x000001DD68A92700>]}",lags_20_features_6,52.79659598481866,36.99143724714028,34.35289900728447,43.696336922316306,59.16593477977177,71.12494932930011,92.85078473598873,90.19509584676582,85.61197765881818,84.22939797496727,112.64486925955907,105.48909420713753,127.1965967383959
SGDRegressor,AutoDifferences(max_diffs=20) | LocalStandardScaler(stats_=[[-0.50927342 10.374015  ]]),"[2, 7, 15, 16, 18, 20]","{1: [<function expanding_mean at 0x000001DD68A92700>], 7: [<function rolling_mean_14 at 0x000001DD68FB0040>], 30: [<function expanding_mean at 0x000001DD68A92700>]}",lags_20_features_6,72.66233313563646,97.5918819471514,95.2724241187782,86.79267589824701,110.16530744369035,140.93336406342425,187.4452773758079,195.92963557769022,239.01131876161026,371.6847320015547,456.7453316032069,485.0480731762976,1133.2323620792854
SGDRegressor,AutoDifferences(max_diffs=20) | LocalStandardScaler(stats_=[[-0.50927342 10.374015  ]]),"[2, 7, 15, 16, 18, 20]","{1: [<function rolling_mean_14 at 0x000001DD68FB0040>], 7: [<function rolling_mean_30 at 0x000001DD68FF0C20>], 30: [<function expanding_mean at 0x000001DD68A92700>]}",lags_20_features_6,423.0956051681869,795.1556358785895,1185.8372856836672,1695.4403010458968,2135.326032393223,2369.9007295548904,2474.5076560959874,2447.482851889883,3325.2531488800714,7712.836363457816,8876.861878463304,9129.771317621993,24127.48454974051
SGDRegressor,AutoDifferences(max_diffs=20) | LocalMinMaxScaler(stats_=[[-29.0915991   62.86678319]]),"[2, 7, 15, 16, 18, 20]","{1: [<function expanding_mean at 0x000001DD68A92700>], 7: [<function rolling_mean_14 at 0x000001DD68FB0040>], 30: [<function expanding_mean at 0x000001DD68A92700>]}",lags_20_features_6,130.57941543311478,461.4032809859208,1020.9251222254888,1955.7890992429923,2950.0227642336367,3660.9613831776555,4378.746850467362,4571.122556278073,6188.635982942055,13230.094416118925,15508.177012410933,16144.484468151972,41646.482677384556
SGDRegressor,AutoDifferences(max_diffs=20) | LocalMinMaxScaler(stats_=[[-29.0915991   62.86678319]]),"[2, 7, 15, 16, 18, 20]","{1: [<function rolling_mean_14 at 0x000001DD68FB0040>], 7: [<function rolling_mean_30 at 0x000001DD68FF0C20>], 30: [<function expanding_mean at 0x000001DD68A92700>]}",lags_20_features_6,782.9593995400141,1286.5619234424107,1675.6660004637372,2048.439737723226,2237.62379489041,2204.8436072139066,1891.6964191188172,1689.4563549658012,2347.3338828518263,6376.633759644799,7140.482289105516,7201.51043243134,19872.621869403174
SGDRegressor,"AutoSeasonalDifferences(max_diffs=20, n_seasons=10, season_length=13) | LocalStandardScaler(stats_=[[26.17707098 10.38598099]])","[2, 7, 15, 16, 18, 20]","{1: [<function expanding_mean at 0x000001DD68A92700>], 7: [<function rolling_mean_14 at 0x000001DD68FB0040>], 30: [<function expanding_mean at 0x000001DD68A92700>]}",lags_20_features_6,52.59471792053919,42.286819681278615,41.74148635846242,41.0158453711475,42.22163556492535,46.201313293775115,55.368948265384724,61.14385744084837,59.189186870087326,55.183905177889145,57.52265030678183,59.27750768686694,58.370881374717285
SGDRegressor,"AutoSeasonalDifferences(max_diffs=20, n_seasons=10, season_length=13) | LocalStandardScaler(stats_=[[26.17707098 10.38598099]])","[2, 7, 15, 16, 18, 20]","{1: [<function rolling_mean_14 at 0x000001DD68FB0040>], 7: [<function rolling_mean_30 at 0x000001DD68FF0C20>], 30: [<function expanding_mean at 0x000001DD68A92700>]}",lags_20_features_6,55.71243573693664,39.117538109556776,35.8389503449348,33.13365038549495,31.98027640069973,33.6045557641358,41.51026449574882,48.80358607486579,47.59652403312499,53.37624749413197,54.22845754170558,55.09828377052934,66.30511743298686
SGDRegressor,"AutoSeasonalDifferences(max_diffs=20, n_seasons=10, season_length=13) | LocalMinMaxScaler(stats_=[[11.85277778 46.04993244]])","[2, 7, 15, 16, 18, 20]","{1: [<function expanding_mean at 0x000001DD68A92700>], 7: [<function rolling_mean_14 at 0x000001DD68FB0040>], 30: [<function expanding_mean at 0x000001DD68A92700>]}",lags_20_features_6,49.59455372746999,33.41944273088399,28.510672852238507,31.317618574907847,31.582445677759935,31.145803377955517,34.17403935178015,43.48614120276055,43.06939892727269,55.9468262129344,56.81875345192382,57.70224934131194,78.22099409488513
SGDRegressor,"AutoSeasonalDifferences(max_diffs=20, n_seasons=10, season_length=13) | LocalMinMaxScaler(stats_=[[11.85277778 46.04993244]])","[2, 7, 15, 16, 18, 20]","{1: [<function rolling_mean_14 at 0x000001DD68FB0040>], 7: [<function rolling_mean_30 at 0x000001DD68FF0C20>], 30: [<function expanding_mean at 0x000001DD68A92700>]}",lags_20_features_6,42.71457856737794,30.455292285017077,26.79078988563025,25.311298975909658,23.914215454720935,26.140375819387714,34.468463847303994,44.2915417524822,44.8226370016282,47.07808398042078,47.413644391960275,50.62904607124463,59.52179642460788
SGDRegressor,"AutoSeasonalDifferences(max_diffs=20, n_seasons=10, season_length=13) | LocalBoxCox(lower=0.0, method=loglik, season_length=None, stats_=[[4.10226185e-05 0.00000000e+00]], upper=2.0)","[2, 7, 15, 16, 18, 20]","{1: [<function expanding_mean at 0x000001DD68A92700>], 7: [<function rolling_mean_14 at 0x000001DD68FB0040>], 30: [<function expanding_mean at 0x000001DD68A92700>]}",lags_20_features_6,47.65142029854222,31.900739884801883,29.170373246748678,40.55651956853355,53.50295345288345,60.335009151966666,64.9883204226433,67.56034330023196,65.04560238866041,76.67975512740078,94.25698554819331,88.76788393401733,119.94470907739858
SGDRegressor,"AutoSeasonalDifferences(max_diffs=20, n_seasons=10, season_length=13) | LocalBoxCox(lower=0.0, method=loglik, season_length=None, stats_=[[4.10226185e-05 0.00000000e+00]], upper=2.0)","[2, 7, 15, 16, 18, 20]","{1: [<function rolling_mean_14 at 0x000001DD68FB0040>], 7: [<function rolling_mean_30 at 0x000001DD68FF0C20>], 30: [<function expanding_mean at 0x000001DD68A92700>]}",lags_20_features_6,52.79659598481866,36.99143724714028,34.35289900728447,43.696336922316306,59.16593477977177,71.12494932930011,92.85078473598873,90.19509584676582,85.61197765881818,84.22939797496727,112.64486925955907,105.48909420713753,127.1965967383959
SGDRegressor,"AutoSeasonalityAndDifferences(max_diffs=20, max_season_length=13, n_seasons=10) | LocalStandardScaler(stats_=[[26.17707098 10.38598099]])","[2, 7, 15, 16, 18, 20]","{1: [<function expanding_mean at 0x000001DD68A92700>], 7: [<function rolling_mean_14 at 0x000001DD68FB0040>], 30: [<function expanding_mean at 0x000001DD68A92700>]}",lags_20_features_6,52.59471792053919,42.286819681278615,41.74148635846242,41.0158453711475,42.22163556492535,46.201313293775115,55.368948265384724,61.14385744084837,59.189186870087326,55.183905177889145,57.52265030678183,59.27750768686694,58.370881374717285
SGDRegressor,"AutoSeasonalityAndDifferences(max_diffs=20, max_season_length=13, n_seasons=10) | LocalStandardScaler(stats_=[[26.17707098 10.38598099]])","[2, 7, 15, 16, 18, 20]","{1: [<function rolling_mean_14 at 0x000001DD68FB0040>], 7: [<function rolling_mean_30 at 0x000001DD68FF0C20>], 30: [<function expanding_mean at 0x000001DD68A92700>]}",lags_20_features_6,55.71243573693664,39.117538109556776,35.8389503449348,33.13365038549495,31.98027640069973,33.6045557641358,41.51026449574882,48.80358607486579,47.59652403312499,53.37624749413197,54.22845754170558,55.09828377052934,66.30511743298686
SGDRegressor,"AutoSeasonalityAndDifferences(max_diffs=20, max_season_length=13, n_seasons=10) | LocalMinMaxScaler(stats_=[[11.85277778 46.04993244]])","[2, 7, 15, 16, 18, 20]","{1: [<function expanding_mean at 0x000001DD68A92700>], 7: [<function rolling_mean_14 at 0x000001DD68FB0040>], 30: [<function expanding_mean at 0x000001DD68A92700>]}",lags_20_features_6,49.59455372746999,33.41944273088399,28.510672852238507,31.317618574907847,31.582445677759935,31.145803377955517,34.17403935178015,43.48614120276055,43.06939892727269,55.9468262129344,56.81875345192382,57.70224934131194,78.22099409488513
SGDRegressor,"AutoSeasonalityAndDifferences(max_diffs=20, max_season_length=13, n_seasons=10) | LocalMinMaxScaler(stats_=[[11.85277778 46.04993244]])","[2, 7, 15, 16, 18, 20]","{1: [<function rolling_mean_14 at 0x000001DD68FB0040>], 7: [<function rolling_mean_30 at 0x000001DD68FF0C20>], 30: [<function expanding_mean at 0x000001DD68A92700>]}",lags_20_features_6,42.71457856737794,30.455292285017077,26.79078988563025,25.311298975909658,23.914215454720935,26.140375819387714,34.468463847303994,44.2915417524822,44.8226370016282,47.07808398042078,47.413644391960275,50.62904607124463,59.52179642460788
SGDRegressor,"AutoSeasonalityAndDifferences(max_diffs=20, max_season_length=13, n_seasons=10) | LocalBoxCox(lower=0.0, method=loglik, season_length=None, stats_=[[4.10226185e-05 0.00000000e+00]], upper=2.0)","[2, 7, 15, 16, 18, 20]","{1: [<function expanding_mean at 0x000001DD68A92700>], 7: [<function rolling_mean_14 at 0x000001DD68FB0040>], 30: [<function expanding_mean at 0x000001DD68A92700>]}",lags_20_features_6,47.65142029854222,31.900739884801883,29.170373246748678,40.55651956853355,53.50295345288345,60.335009151966666,64.9883204226433,67.56034330023196,65.04560238866041,76.67975512740078,94.25698554819331,88.76788393401733,119.94470907739858
SGDRegressor,"AutoSeasonalityAndDifferences(max_diffs=20, max_season_length=13, n_seasons=10) | LocalBoxCox(lower=0.0, method=loglik, season_length=None, stats_=[[4.10226185e-05 0.00000000e+00]], upper=2.0)","[2, 7, 15, 16, 18, 20]","{1: [<function rolling_mean_14 at 0x000001DD68FB0040>], 7: [<function rolling_mean_30 at 0x000001DD68FF0C20>], 30: [<function expanding_mean at 0x000001DD68A92700>]}",lags_20_features_6,52.79659598481866,36.99143724714028,34.35289900728447,43.696336922316306,59.16593477977177,71.12494932930011,92.85078473598873,90.19509584676582,85.61197765881818,84.22939797496727,112.64486925955907,105.48909420713753,127.1965967383959
SGDRegressor,LocalStandardScaler(stats_=[[26.17707098 10.38598099]]),"[2, 3, 4, 6, 7, 8, 9, 10, 15, 16, 17, 18, 20]","{1: [<function expanding_mean at 0x000001DD68A92700>], 7: [<function rolling_mean_14 at 0x000001DD68FB0040>], 30: [<function expanding_mean at 0x000001DD68A92700>]}",lags_20_features_13,53.75432832999463,41.769553715088406,40.43708654144692,38.55686539530823,39.0887805808008,42.67300152843792,51.74838110029304,57.87613668873093,56.05336889729997,54.28243922585063,56.369571076678696,57.8970327560284,59.580344577166976
SGDRegressor,LocalStandardScaler(stats_=[[26.17707098 10.38598099]]),"[2, 3, 4, 6, 7, 8, 9, 10, 15, 16, 17, 18, 20]","{1: [<function rolling_mean_14 at 0x000001DD68FB0040>], 7: [<function rolling_mean_30 at 0x000001DD68FF0C20>], 30: [<function expanding_mean at 0x000001DD68A92700>]}",lags_20_features_13,51.32300856063563,35.89531204884874,33.062217297306326,30.659048429848323,30.01265830509548,32.54200216516712,41.62481018216175,48.74466651114872,47.186724830498726,51.87809449462046,53.02659127590679,53.89279651933114,63.902957624695965
SGDRegressor,LocalMinMaxScaler(stats_=[[11.85277778 46.04993244]]),"[2, 3, 4, 6, 7, 8, 9, 10, 15, 16, 17, 18, 20]","{1: [<function expanding_mean at 0x000001DD68A92700>], 7: [<function rolling_mean_14 at 0x000001DD68FB0040>], 30: [<function expanding_mean at 0x000001DD68A92700>]}",lags_20_features_13,49.542570262918794,33.376692149161244,28.455707086707953,31.255962626698093,31.518812368282294,31.093215450694313,34.13893017479627,43.459407304155064,43.064365687712325,55.88487571277815,56.76398568555102,57.66487518441191,78.1271934199161
SGDRegressor,LocalMinMaxScaler(stats_=[[11.85277778 46.04993244]]),"[2, 3, 4, 6, 7, 8, 9, 10, 15, 16, 17, 18, 20]","{1: [<function rolling_mean_14 at 0x000001DD68FB0040>], 7: [<function rolling_mean_30 at 0x000001DD68FF0C20>], 30: [<function expanding_mean at 0x000001DD68A92700>]}",lags_20_features_13,42.716164957150376,30.471859805500667,26.812861970859007,25.32511477997631,23.929217146375343,26.15790096276826,34.48830474232194,44.30943123563785,44.84096342166144,47.07612062603469,47.41136708345683,50.629691798817525,59.49952376692551
SGDRegressor,"LocalBoxCox(lower=0.0, method=loglik, season_length=None, stats_=[[4.10226185e-05 0.00000000e+00]], upper=2.0)","[2, 3, 4, 6, 7, 8, 9, 10, 15, 16, 17, 18, 20]","{1: [<function expanding_mean at 0x000001DD68A92700>], 7: [<function rolling_mean_14 at 0x000001DD68FB0040>], 30: [<function expanding_mean at 0x000001DD68A92700>]}",lags_20_features_13,45.55850809592182,30.629141622213552,25.304698521950197,29.70477316307219,35.1973526220506,37.51080541488519,38.717464523079585,45.68610041970098,47.74036129093659,52.84611878179146,61.53130348983562,61.621203551904046,79.76311492745786
SGDRegressor,"LocalBoxCox(lower=0.0, method=loglik, season_length=None, stats_=[[4.10226185e-05 0.00000000e+00]], upper=2.0)","[2, 3, 4, 6, 7, 8, 9, 10, 15, 16, 17, 18, 20]","{1: [<function rolling_mean_14 at 0x000001DD68FB0040>], 7: [<function rolling_mean_30 at 0x000001DD68FF0C20>], 30: [<function expanding_mean at 0x000001DD68A92700>]}",lags_20_features_13,54.21665734018472,39.10632480916188,37.17482932272011,46.049516307248446,62.616417581842946,78.43337517584138,120.37314322269603,112.53548034969367,101.30323591292341,98.29943782589517,144.09650225253344,134.34680823946306,166.16793127731245
SGDRegressor,AutoDifferences(max_diffs=20) | LocalStandardScaler(stats_=[[-0.50927342 10.374015  ]]),"[2, 3, 4, 6, 7, 8, 9, 10, 15, 16, 17, 18, 20]","{1: [<function expanding_mean at 0x000001DD68A92700>], 7: [<function rolling_mean_14 at 0x000001DD68FB0040>], 30: [<function expanding_mean at 0x000001DD68A92700>]}",lags_20_features_13,100.22570247187583,151.80571898641512,176.21268127948633,179.01705742687128,156.5291322465408,140.28711481031695,138.75623001863588,125.92045494693316,123.23550856860055,269.2882388243673,255.67289944763917,241.2799490002754,627.7034393983312
SGDRegressor,AutoDifferences(max_diffs=20) | LocalStandardScaler(stats_=[[-0.50927342 10.374015  ]]),"[2, 3, 4, 6, 7, 8, 9, 10, 15, 16, 17, 18, 20]","{1: [<function rolling_mean_14 at 0x000001DD68FB0040>], 7: [<function rolling_mean_30 at 0x000001DD68FF0C20>], 30: [<function expanding_mean at 0x000001DD68A92700>]}",lags_20_features_13,393.7113044672318,738.9478755556553,1095.6973138797732,1555.9313467367747,1948.8451742425027,2154.445950162348,2237.5046180548297,2208.4311687569134,3000.787730264,6982.231618882484,8029.043543867837,8253.726312364315,21828.6847439561
SGDRegressor,AutoDifferences(max_diffs=20) | LocalMinMaxScaler(stats_=[[-29.0915991   62.86678319]]),"[2, 3, 4, 6, 7, 8, 9, 10, 15, 16, 17, 18, 20]","{1: [<function expanding_mean at 0x000001DD68A92700>], 7: [<function rolling_mean_14 at 0x000001DD68FB0040>], 30: [<function expanding_mean at 0x000001DD68A92700>]}",lags_20_features_13,125.98908982922978,453.3790424496123,1012.371076009654,1949.9714694848483,2949.852609373878,3666.860964495346,4394.078552063936,4596.404200757435,6237.42753031014,13347.92752819957,15644.83536074836,16294.720243017335,42060.54312598214
SGDRegressor,AutoDifferences(max_diffs=20) | LocalMinMaxScaler(stats_=[[-29.0915991   62.86678319]]),"[2, 3, 4, 6, 7, 8, 9, 10, 15, 16, 17, 18, 20]","{1: [<function rolling_mean_14 at 0x000001DD68FB0040>], 7: [<function rolling_mean_30 at 0x000001DD68FF0C20>], 30: [<function expanding_mean at 0x000001DD68A92700>]}",lags_20_features_13,789.8466483027033,1308.7754771628436,1713.898818196978,2106.997201914834,2313.4321488482747,2289.8121498575674,1980.7358854637116,1776.5073170721187,2465.8867065413424,6659.64043790638,7468.138988115939,7537.648068906638,20771.440019223286
SGDRegressor,"AutoSeasonalDifferences(max_diffs=20, n_seasons=10, season_length=13) | LocalStandardScaler(stats_=[[26.17707098 10.38598099]])","[2, 3, 4, 6, 7, 8, 9, 10, 15, 16, 17, 18, 20]","{1: [<function expanding_mean at 0x000001DD68A92700>], 7: [<function rolling_mean_14 at 0x000001DD68FB0040>], 30: [<function expanding_mean at 0x000001DD68A92700>]}",lags_20_features_13,53.75432832999463,41.769553715088406,40.43708654144692,38.55686539530823,39.0887805808008,42.67300152843792,51.74838110029304,57.87613668873093,56.05336889729997,54.28243922585063,56.369571076678696,57.8970327560284,59.580344577166976
SGDRegressor,"AutoSeasonalDifferences(max_diffs=20, n_seasons=10, season_length=13) | LocalStandardScaler(stats_=[[26.17707098 10.38598099]])","[2, 3, 4, 6, 7, 8, 9, 10, 15, 16, 17, 18, 20]","{1: [<function rolling_mean_14 at 0x000001DD68FB0040>], 7: [<function rolling_mean_30 at 0x000001DD68FF0C20>], 30: [<function expanding_mean at 0x000001DD68A92700>]}",lags_20_features_13,51.32300856063563,35.89531204884874,33.062217297306326,30.659048429848323,30.01265830509548,32.54200216516712,41.62481018216175,48.74466651114872,47.186724830498726,51.87809449462046,53.02659127590679,53.89279651933114,63.902957624695965
SGDRegressor,"AutoSeasonalDifferences(max_diffs=20, n_seasons=10, season_length=13) | LocalMinMaxScaler(stats_=[[11.85277778 46.04993244]])","[2, 3, 4, 6, 7, 8, 9, 10, 15, 16, 17, 18, 20]","{1: [<function expanding_mean at 0x000001DD68A92700>], 7: [<function rolling_mean_14 at 0x000001DD68FB0040>], 30: [<function expanding_mean at 0x000001DD68A92700>]}",lags_20_features_13,49.542570262918794,33.376692149161244,28.455707086707953,31.255962626698093,31.518812368282294,31.093215450694313,34.13893017479627,43.459407304155064,43.064365687712325,55.88487571277815,56.76398568555102,57.66487518441191,78.1271934199161
SGDRegressor,"AutoSeasonalDifferences(max_diffs=20, n_seasons=10, season_length=13) | LocalMinMaxScaler(stats_=[[11.85277778 46.04993244]])","[2, 3, 4, 6, 7, 8, 9, 10, 15, 16, 17, 18, 20]","{1: [<function rolling_mean_14 at 0x000001DD68FB0040>], 7: [<function rolling_mean_30 at 0x000001DD68FF0C20>], 30: [<function expanding_mean at 0x000001DD68A92700>]}",lags_20_features_13,42.716164957150376,30.471859805500667,26.812861970859007,25.32511477997631,23.929217146375343,26.15790096276826,34.48830474232194,44.30943123563785,44.84096342166144,47.07612062603469,47.41136708345683,50.629691798817525,59.49952376692551
SGDRegressor,"AutoSeasonalDifferences(max_diffs=20, n_seasons=10, season_length=13) | LocalBoxCox(lower=0.0, method=loglik, season_length=None, stats_=[[4.10226185e-05 0.00000000e+00]], upper=2.0)","[2, 3, 4, 6, 7, 8, 9, 10, 15, 16, 17, 18, 20]","{1: [<function expanding_mean at 0x000001DD68A92700>], 7: [<function rolling_mean_14 at 0x000001DD68FB0040>], 30: [<function expanding_mean at 0x000001DD68A92700>]}",lags_20_features_13,45.55850809592182,30.629141622213552,25.304698521950197,29.70477316307219,35.1973526220506,37.51080541488519,38.717464523079585,45.68610041970098,47.74036129093659,52.84611878179146,61.53130348983562,61.621203551904046,79.76311492745786
SGDRegressor,"AutoSeasonalDifferences(max_diffs=20, n_seasons=10, season_length=13) | LocalBoxCox(lower=0.0, method=loglik, season_length=None, stats_=[[4.10226185e-05 0.00000000e+00]], upper=2.0)","[2, 3, 4, 6, 7, 8, 9, 10, 15, 16, 17, 18, 20]","{1: [<function rolling_mean_14 at 0x000001DD68FB0040>], 7: [<function rolling_mean_30 at 0x000001DD68FF0C20>], 30: [<function expanding_mean at 0x000001DD68A92700>]}",lags_20_features_13,54.21665734018472,39.10632480916188,37.17482932272011,46.049516307248446,62.616417581842946,78.43337517584138,120.37314322269603,112.53548034969367,101.30323591292341,98.29943782589517,144.09650225253344,134.34680823946306,166.16793127731245
SGDRegressor,"AutoSeasonalityAndDifferences(max_diffs=20, max_season_length=13, n_seasons=10) | LocalStandardScaler(stats_=[[26.17707098 10.38598099]])","[2, 3, 4, 6, 7, 8, 9, 10, 15, 16, 17, 18, 20]","{1: [<function expanding_mean at 0x000001DD68A92700>], 7: [<function rolling_mean_14 at 0x000001DD68FB0040>], 30: [<function expanding_mean at 0x000001DD68A92700>]}",lags_20_features_13,53.75432832999463,41.769553715088406,40.43708654144692,38.55686539530823,39.0887805808008,42.67300152843792,51.74838110029304,57.87613668873093,56.05336889729997,54.28243922585063,56.369571076678696,57.8970327560284,59.580344577166976
SGDRegressor,"AutoSeasonalityAndDifferences(max_diffs=20, max_season_length=13, n_seasons=10) | LocalStandardScaler(stats_=[[26.17707098 10.38598099]])","[2, 3, 4, 6, 7, 8, 9, 10, 15, 16, 17, 18, 20]","{1: [<function rolling_mean_14 at 0x000001DD68FB0040>], 7: [<function rolling_mean_30 at 0x000001DD68FF0C20>], 30: [<function expanding_mean at 0x000001DD68A92700>]}",lags_20_features_13,51.32300856063563,35.89531204884874,33.062217297306326,30.659048429848323,30.01265830509548,32.54200216516712,41.62481018216175,48.74466651114872,47.186724830498726,51.87809449462046,53.02659127590679,53.89279651933114,63.902957624695965
SGDRegressor,"AutoSeasonalityAndDifferences(max_diffs=20, max_season_length=13, n_seasons=10) | LocalMinMaxScaler(stats_=[[11.85277778 46.04993244]])","[2, 3, 4, 6, 7, 8, 9, 10, 15, 16, 17, 18, 20]","{1: [<function expanding_mean at 0x000001DD68A92700>], 7: [<function rolling_mean_14 at 0x000001DD68FB0040>], 30: [<function expanding_mean at 0x000001DD68A92700>]}",lags_20_features_13,49.542570262918794,33.376692149161244,28.455707086707953,31.255962626698093,31.518812368282294,31.093215450694313,34.13893017479627,43.459407304155064,43.064365687712325,55.88487571277815,56.76398568555102,57.66487518441191,78.1271934199161
SGDRegressor,"AutoSeasonalityAndDifferences(max_diffs=20, max_season_length=13, n_seasons=10) | LocalMinMaxScaler(stats_=[[11.85277778 46.04993244]])","[2, 3, 4, 6, 7, 8, 9, 10, 15, 16, 17, 18, 20]","{1: [<function rolling_mean_14 at 0x000001DD68FB0040>], 7: [<function rolling_mean_30 at 0x000001DD68FF0C20>], 30: [<function expanding_mean at 0x000001DD68A92700>]}",lags_20_features_13,42.716164957150376,30.471859805500667,26.812861970859007,25.32511477997631,23.929217146375343,26.15790096276826,34.48830474232194,44.30943123563785,44.84096342166144,47.07612062603469,47.41136708345683,50.629691798817525,59.49952376692551
SGDRegressor,"AutoSeasonalityAndDifferences(max_diffs=20, max_season_length=13, n_seasons=10) | LocalBoxCox(lower=0.0, method=loglik, season_length=None, stats_=[[4.10226185e-05 0.00000000e+00]], upper=2.0)","[2, 3, 4, 6, 7, 8, 9, 10, 15, 16, 17, 18, 20]","{1: [<function expanding_mean at 0x000001DD68A92700>], 7: [<function rolling_mean_14 at 0x000001DD68FB0040>], 30: [<function expanding_mean at 0x000001DD68A92700>]}",lags_20_features_13,45.55850809592182,30.629141622213552,25.304698521950197,29.70477316307219,35.1973526220506,37.51080541488519,38.717464523079585,45.68610041970098,47.74036129093659,52.84611878179146,61.53130348983562,61.621203551904046,79.76311492745786
SGDRegressor,"AutoSeasonalityAndDifferences(max_diffs=20, max_season_length=13, n_seasons=10) | LocalBoxCox(lower=0.0, method=loglik, season_length=None, stats_=[[4.10226185e-05 0.00000000e+00]], upper=2.0)","[2, 3, 4, 6, 7, 8, 9, 10, 15, 16, 17, 18, 20]","{1: [<function rolling_mean_14 at 0x000001DD68FB0040>], 7: [<function rolling_mean_30 at 0x000001DD68FF0C20>], 30: [<function expanding_mean at 0x000001DD68A92700>]}",lags_20_features_13,54.21665734018472,39.10632480916188,37.17482932272011,46.049516307248446,62.616417581842946,78.43337517584138,120.37314322269603,112.53548034969367,101.30323591292341,98.29943782589517,144.09650225253344,134.34680823946306,166.16793127731245
SGDRegressor,LocalStandardScaler(stats_=[[26.17707098 10.38598099]]),"[1, 2, 3, 4, 5, 6, 7, 8, 9, 10, 11, 12, 13, 14, 15, 16, 17, 18, 19, 20]","{1: [<function expanding_mean at 0x000001DD68A92700>], 7: [<function rolling_mean_14 at 0x000001DD68FB0040>], 30: [<function expanding_mean at 0x000001DD68A92700>]}",lags_20_features_20,54.23741074497873,44.34580784795404,44.2169584091337,43.51647505636677,44.722214153536434,48.694853093051904,57.469510605935284,63.04141597165267,61.135739356338505,57.486833449741326,59.99458104330512,61.608817006966476,60.206978084257365
SGDRegressor,LocalStandardScaler(stats_=[[26.17707098 10.38598099]]),"[1, 2, 3, 4, 5, 6, 7, 8, 9, 10, 11, 12, 13, 14, 15, 16, 17, 18, 19, 20]","{1: [<function rolling_mean_14 at 0x000001DD68FB0040>], 7: [<function rolling_mean_30 at 0x000001DD68FF0C20>], 30: [<function expanding_mean at 0x000001DD68A92700>]}",lags_20_features_20,50.80168611408035,35.44999539645621,32.45541463436986,29.95208917442833,29.401967565941096,32.072391737078625,41.29582466200607,48.56033370571882,46.977207222947925,51.222128892949456,52.360591551214966,53.37474225715697,63.00359895331198
SGDRegressor,LocalMinMaxScaler(stats_=[[11.85277778 46.04993244]]),"[1, 2, 3, 4, 5, 6, 7, 8, 9, 10, 11, 12, 13, 14, 15, 16, 17, 18, 19, 20]","{1: [<function expanding_mean at 0x000001DD68A92700>], 7: [<function rolling_mean_14 at 0x000001DD68FB0040>], 30: [<function expanding_mean at 0x000001DD68A92700>]}",lags_20_features_20,49.44665834693651,33.2086827559737,28.19256463608366,30.901130674536585,31.119683990471415,30.758781420456412,33.96546726987174,43.31457522252036,42.9729104945516,55.552666813149855,56.42958657487127,57.396882106221994,77.60582532628041
SGDRegressor,LocalMinMaxScaler(stats_=[[11.85277778 46.04993244]]),"[1, 2, 3, 4, 5, 6, 7, 8, 9, 10, 11, 12, 13, 14, 15, 16, 17, 18, 19, 20]","{1: [<function rolling_mean_14 at 0x000001DD68FB0040>], 7: [<function rolling_mean_30 at 0x000001DD68FF0C20>], 30: [<function expanding_mean at 0x000001DD68A92700>]}",lags_20_features_20,42.79544295881592,30.56503323196223,26.913081913711107,25.391628753444884,23.993844500457147,26.223804022749135,34.551135025029076,44.362052263198834,44.90131039670256,47.07578655653252,47.41027531367287,50.636680667829005,59.43812027374553
SGDRegressor,"LocalBoxCox(lower=0.0, method=loglik, season_length=None, stats_=[[4.10226185e-05 0.00000000e+00]], upper=2.0)","[1, 2, 3, 4, 5, 6, 7, 8, 9, 10, 11, 12, 13, 14, 15, 16, 17, 18, 19, 20]","{1: [<function expanding_mean at 0x000001DD68A92700>], 7: [<function rolling_mean_14 at 0x000001DD68FB0040>], 30: [<function expanding_mean at 0x000001DD68A92700>]}",lags_20_features_20,46.78211215312072,37.621580116743765,34.356801814403184,30.992048136931157,28.60283664547311,28.52025661937806,29.786585057688363,39.558231888635916,44.71342901605847,41.15537389172197,41.09630573005087,46.361848061717204,47.49156024347709
SGDRegressor,"LocalBoxCox(lower=0.0, method=loglik, season_length=None, stats_=[[4.10226185e-05 0.00000000e+00]], upper=2.0)","[1, 2, 3, 4, 5, 6, 7, 8, 9, 10, 11, 12, 13, 14, 15, 16, 17, 18, 19, 20]","{1: [<function rolling_mean_14 at 0x000001DD68FB0040>], 7: [<function rolling_mean_30 at 0x000001DD68FF0C20>], 30: [<function expanding_mean at 0x000001DD68A92700>]}",lags_20_features_20,57.312787201219884,40.94679533263423,38.719483474819455,50.2580062159582,69.29036073083853,87.14600060512835,142.3272629541802,142.1751456016033,143.7016358302989,226.43591056323325,393.25174600897276,435.1307393033357,1242.123143100316
SGDRegressor,AutoDifferences(max_diffs=20) | LocalStandardScaler(stats_=[[-0.50927342 10.374015  ]]),"[1, 2, 3, 4, 5, 6, 7, 8, 9, 10, 11, 12, 13, 14, 15, 16, 17, 18, 19, 20]","{1: [<function expanding_mean at 0x000001DD68A92700>], 7: [<function rolling_mean_14 at 0x000001DD68FB0040>], 30: [<function expanding_mean at 0x000001DD68A92700>]}",lags_20_features_20,100.86937597326295,155.32521581162015,186.5310274095967,201.99600282338852,193.98426216304,171.61229482746168,141.12387674454897,123.55895028634636,151.54072820851292,405.7812155223524,425.37518116544544,418.031562102209,1166.6522477272663
SGDRegressor,AutoDifferences(max_diffs=20) | LocalStandardScaler(stats_=[[-0.50927342 10.374015  ]]),"[1, 2, 3, 4, 5, 6, 7, 8, 9, 10, 11, 12, 13, 14, 15, 16, 17, 18, 19, 20]","{1: [<function rolling_mean_14 at 0x000001DD68FB0040>], 7: [<function rolling_mean_30 at 0x000001DD68FF0C20>], 30: [<function expanding_mean at 0x000001DD68A92700>]}",lags_20_features_20,391.1145371899737,725.9311821113828,1070.4034947584043,1514.0066073676276,1891.6948308785393,2088.2123314161813,2165.052689142167,2134.3781954489914,2894.8390825165966,6726.086382729654,7731.986749196085,7945.731269768026,20996.57198307355
SGDRegressor,AutoDifferences(max_diffs=20) | LocalMinMaxScaler(stats_=[[-29.0915991   62.86678319]]),"[1, 2, 3, 4, 5, 6, 7, 8, 9, 10, 11, 12, 13, 14, 15, 16, 17, 18, 19, 20]","{1: [<function expanding_mean at 0x000001DD68A92700>], 7: [<function rolling_mean_14 at 0x000001DD68FB0040>], 30: [<function expanding_mean at 0x000001DD68A92700>]}",lags_20_features_20,127.91803545376762,453.6746893072867,1012.6013703839432,1952.8576740439864,2957.4183256404667,3678.9766586542514,4412.781528844922,4627.020482468116,6303.714225524799,13527.423605564181,15848.465513399904,16516.683407543755,42690.42260769213
SGDRegressor,AutoDifferences(max_diffs=20) | LocalMinMaxScaler(stats_=[[-29.0915991   62.86678319]]),"[1, 2, 3, 4, 5, 6, 7, 8, 9, 10, 11, 12, 13, 14, 15, 16, 17, 18, 19, 20]","{1: [<function rolling_mean_14 at 0x000001DD68FB0040>], 7: [<function rolling_mean_30 at 0x000001DD68FF0C20>], 30: [<function expanding_mean at 0x000001DD68A92700>]}",lags_20_features_20,786.90001584457,1312.2735578547288,1724.6751322268765,2127.0574305431614,2341.70519658194,2322.881606073955,2016.9493378787326,1812.136501035573,2514.3817910104212,6776.760846552555,7605.404442431282,7678.60666532748,21152.04528521266
SGDRegressor,"AutoSeasonalDifferences(max_diffs=20, n_seasons=10, season_length=13) | LocalStandardScaler(stats_=[[26.17707098 10.38598099]])","[1, 2, 3, 4, 5, 6, 7, 8, 9, 10, 11, 12, 13, 14, 15, 16, 17, 18, 19, 20]","{1: [<function expanding_mean at 0x000001DD68A92700>], 7: [<function rolling_mean_14 at 0x000001DD68FB0040>], 30: [<function expanding_mean at 0x000001DD68A92700>]}",lags_20_features_20,54.23741074497873,44.34580784795404,44.2169584091337,43.51647505636677,44.722214153536434,48.694853093051904,57.469510605935284,63.04141597165267,61.135739356338505,57.486833449741326,59.99458104330512,61.608817006966476,60.206978084257365
SGDRegressor,"AutoSeasonalDifferences(max_diffs=20, n_seasons=10, season_length=13) | LocalStandardScaler(stats_=[[26.17707098 10.38598099]])","[1, 2, 3, 4, 5, 6, 7, 8, 9, 10, 11, 12, 13, 14, 15, 16, 17, 18, 19, 20]","{1: [<function rolling_mean_14 at 0x000001DD68FB0040>], 7: [<function rolling_mean_30 at 0x000001DD68FF0C20>], 30: [<function expanding_mean at 0x000001DD68A92700>]}",lags_20_features_20,50.80168611408035,35.44999539645621,32.45541463436986,29.95208917442833,29.401967565941096,32.072391737078625,41.29582466200607,48.56033370571882,46.977207222947925,51.222128892949456,52.360591551214966,53.37474225715697,63.00359895331198
SGDRegressor,"AutoSeasonalDifferences(max_diffs=20, n_seasons=10, season_length=13) | LocalMinMaxScaler(stats_=[[11.85277778 46.04993244]])","[1, 2, 3, 4, 5, 6, 7, 8, 9, 10, 11, 12, 13, 14, 15, 16, 17, 18, 19, 20]","{1: [<function expanding_mean at 0x000001DD68A92700>], 7: [<function rolling_mean_14 at 0x000001DD68FB0040>], 30: [<function expanding_mean at 0x000001DD68A92700>]}",lags_20_features_20,49.44665834693651,33.2086827559737,28.19256463608366,30.901130674536585,31.119683990471415,30.758781420456412,33.96546726987174,43.31457522252036,42.9729104945516,55.552666813149855,56.42958657487127,57.396882106221994,77.60582532628041
SGDRegressor,"AutoSeasonalDifferences(max_diffs=20, n_seasons=10, season_length=13) | LocalMinMaxScaler(stats_=[[11.85277778 46.04993244]])","[1, 2, 3, 4, 5, 6, 7, 8, 9, 10, 11, 12, 13, 14, 15, 16, 17, 18, 19, 20]","{1: [<function rolling_mean_14 at 0x000001DD68FB0040>], 7: [<function rolling_mean_30 at 0x000001DD68FF0C20>], 30: [<function expanding_mean at 0x000001DD68A92700>]}",lags_20_features_20,42.79544295881592,30.56503323196223,26.913081913711107,25.391628753444884,23.993844500457147,26.223804022749135,34.551135025029076,44.362052263198834,44.90131039670256,47.07578655653252,47.41027531367287,50.636680667829005,59.43812027374553
SGDRegressor,"AutoSeasonalDifferences(max_diffs=20, n_seasons=10, season_length=13) | LocalBoxCox(lower=0.0, method=loglik, season_length=None, stats_=[[4.10226185e-05 0.00000000e+00]], upper=2.0)","[1, 2, 3, 4, 5, 6, 7, 8, 9, 10, 11, 12, 13, 14, 15, 16, 17, 18, 19, 20]","{1: [<function expanding_mean at 0x000001DD68A92700>], 7: [<function rolling_mean_14 at 0x000001DD68FB0040>], 30: [<function expanding_mean at 0x000001DD68A92700>]}",lags_20_features_20,46.78211215312072,37.621580116743765,34.356801814403184,30.992048136931157,28.60283664547311,28.52025661937806,29.786585057688363,39.558231888635916,44.71342901605847,41.15537389172197,41.09630573005087,46.361848061717204,47.49156024347709
SGDRegressor,"AutoSeasonalDifferences(max_diffs=20, n_seasons=10, season_length=13) | LocalBoxCox(lower=0.0, method=loglik, season_length=None, stats_=[[4.10226185e-05 0.00000000e+00]], upper=2.0)","[1, 2, 3, 4, 5, 6, 7, 8, 9, 10, 11, 12, 13, 14, 15, 16, 17, 18, 19, 20]","{1: [<function rolling_mean_14 at 0x000001DD68FB0040>], 7: [<function rolling_mean_30 at 0x000001DD68FF0C20>], 30: [<function expanding_mean at 0x000001DD68A92700>]}",lags_20_features_20,57.312787201219884,40.94679533263423,38.719483474819455,50.2580062159582,69.29036073083853,87.14600060512835,142.3272629541802,142.1751456016033,143.7016358302989,226.43591056323325,393.25174600897276,435.1307393033357,1242.123143100316
SGDRegressor,"AutoSeasonalityAndDifferences(max_diffs=20, max_season_length=13, n_seasons=10) | LocalStandardScaler(stats_=[[26.17707098 10.38598099]])","[1, 2, 3, 4, 5, 6, 7, 8, 9, 10, 11, 12, 13, 14, 15, 16, 17, 18, 19, 20]","{1: [<function expanding_mean at 0x000001DD68A92700>], 7: [<function rolling_mean_14 at 0x000001DD68FB0040>], 30: [<function expanding_mean at 0x000001DD68A92700>]}",lags_20_features_20,54.23741074497873,44.34580784795404,44.2169584091337,43.51647505636677,44.722214153536434,48.694853093051904,57.469510605935284,63.04141597165267,61.135739356338505,57.486833449741326,59.99458104330512,61.608817006966476,60.206978084257365
SGDRegressor,"AutoSeasonalityAndDifferences(max_diffs=20, max_season_length=13, n_seasons=10) | LocalStandardScaler(stats_=[[26.17707098 10.38598099]])","[1, 2, 3, 4, 5, 6, 7, 8, 9, 10, 11, 12, 13, 14, 15, 16, 17, 18, 19, 20]","{1: [<function rolling_mean_14 at 0x000001DD68FB0040>], 7: [<function rolling_mean_30 at 0x000001DD68FF0C20>], 30: [<function expanding_mean at 0x000001DD68A92700>]}",lags_20_features_20,50.80168611408035,35.44999539645621,32.45541463436986,29.95208917442833,29.401967565941096,32.072391737078625,41.29582466200607,48.56033370571882,46.977207222947925,51.222128892949456,52.360591551214966,53.37474225715697,63.00359895331198
SGDRegressor,"AutoSeasonalityAndDifferences(max_diffs=20, max_season_length=13, n_seasons=10) | LocalMinMaxScaler(stats_=[[11.85277778 46.04993244]])","[1, 2, 3, 4, 5, 6, 7, 8, 9, 10, 11, 12, 13, 14, 15, 16, 17, 18, 19, 20]","{1: [<function expanding_mean at 0x000001DD68A92700>], 7: [<function rolling_mean_14 at 0x000001DD68FB0040>], 30: [<function expanding_mean at 0x000001DD68A92700>]}",lags_20_features_20,49.44665834693651,33.2086827559737,28.19256463608366,30.901130674536585,31.119683990471415,30.758781420456412,33.96546726987174,43.31457522252036,42.9729104945516,55.552666813149855,56.42958657487127,57.396882106221994,77.60582532628041
SGDRegressor,"AutoSeasonalityAndDifferences(max_diffs=20, max_season_length=13, n_seasons=10) | LocalMinMaxScaler(stats_=[[11.85277778 46.04993244]])","[1, 2, 3, 4, 5, 6, 7, 8, 9, 10, 11, 12, 13, 14, 15, 16, 17, 18, 19, 20]","{1: [<function rolling_mean_14 at 0x000001DD68FB0040>], 7: [<function rolling_mean_30 at 0x000001DD68FF0C20>], 30: [<function expanding_mean at 0x000001DD68A92700>]}",lags_20_features_20,42.79544295881592,30.56503323196223,26.913081913711107,25.391628753444884,23.993844500457147,26.223804022749135,34.551135025029076,44.362052263198834,44.90131039670256,47.07578655653252,47.41027531367287,50.636680667829005,59.43812027374553
SGDRegressor,"AutoSeasonalityAndDifferences(max_diffs=20, max_season_length=13, n_seasons=10) | LocalBoxCox(lower=0.0, method=loglik, season_length=None, stats_=[[4.10226185e-05 0.00000000e+00]], upper=2.0)","[1, 2, 3, 4, 5, 6, 7, 8, 9, 10, 11, 12, 13, 14, 15, 16, 17, 18, 19, 20]","{1: [<function expanding_mean at 0x000001DD68A92700>], 7: [<function rolling_mean_14 at 0x000001DD68FB0040>], 30: [<function expanding_mean at 0x000001DD68A92700>]}",lags_20_features_20,46.78211215312072,37.621580116743765,34.356801814403184,30.992048136931157,28.60283664547311,28.52025661937806,29.786585057688363,39.558231888635916,44.71342901605847,41.15537389172197,41.09630573005087,46.361848061717204,47.49156024347709
SGDRegressor,"AutoSeasonalityAndDifferences(max_diffs=20, max_season_length=13, n_seasons=10) | LocalBoxCox(lower=0.0, method=loglik, season_length=None, stats_=[[4.10226185e-05 0.00000000e+00]], upper=2.0)","[1, 2, 3, 4, 5, 6, 7, 8, 9, 10, 11, 12, 13, 14, 15, 16, 17, 18, 19, 20]","{1: [<function rolling_mean_14 at 0x000001DD68FB0040>], 7: [<function rolling_mean_30 at 0x000001DD68FF0C20>], 30: [<function expanding_mean at 0x000001DD68A92700>]}",lags_20_features_20,57.312787201219884,40.94679533263423,38.719483474819455,50.2580062159582,69.29036073083853,87.14600060512835,142.3272629541802,142.1751456016033,143.7016358302989,226.43591056323325,393.25174600897276,435.1307393033357,1242.123143100316
