,date,ID,value
0,2020-03-01,0,111.74703004891684
1,2020-03-02,0,82.020964360587
2,2020-03-03,0,33.64985994397759
3,2020-03-04,0,47.82244318181818
4,2020-03-05,0,63.182833217027216
5,2020-03-06,0,24.665734265734265
6,2020-03-07,0,14.572065378900446
7,2020-03-08,0,36.40620592383639
8,2020-03-09,0,58.39413919413919
9,2020-03-10,0,41.245993031358886
10,2020-03-11,0,46.662717770034845
11,2020-03-12,0,61.833449965010495
12,2020-03-13,0,50.74773519163763
13,2020-03-14,0,64.99077733860342
14,2020-03-15,0,103.57840236686393
15,2020-03-16,0,80.76323119777159
16,2020-03-17,0,60.61924686192469
17,2020-03-18,0,33.61366806136681
18,2020-03-19,0,37.14146341463415
19,2020-03-20,0,37.22253129346314
20,2020-03-21,0,53.27319211102995
21,2020-03-22,0,13.986072423398328
22,2020-03-23,0,16.15598885793872
23,2020-03-24,0,16.97689075630252
24,2020-03-25,0,22.93016759776536
25,2020-03-26,0,46.83251576734408
26,2020-03-27,0,71.46536039188244
27,2020-03-28,0,48.72396925227114
28,2020-03-29,0,22.250350631136044
29,2020-03-30,0,43.90021849963584
30,2020-03-31,0,48.51222921034242
31,2020-04-01,0,39.08850174216028
32,2020-04-02,0,27.50592334494773
33,2020-04-03,0,33.47138700290979
34,2020-04-04,0,128.03846153846155
35,2020-04-05,0,56.74826147426982
36,2020-04-06,0,20.71717877094972
37,2020-04-07,0,28.5398293029872
38,2020-04-08,0,23.86085626911315
39,2020-04-09,0,16.36787204450626
40,2020-04-10,0,30.100208768267223
41,2020-04-11,0,57.51149825783972
42,2020-04-12,0,40.60878661087866
43,2020-04-13,0,21.31450488145049
44,2020-04-14,0,18.58344923504868
45,2020-04-15,0,10.4351
46,2020-04-16,0,24.366
47,2020-04-17,0,72.1913
48,2020-04-18,0,
49,2020-04-19,0,35.83
50,2020-04-20,0,25.92
51,2020-04-21,0,26.15
52,2020-04-22,0,20.77
53,2020-04-23,0,19.94
54,2020-04-24,0,27.02
55,2020-04-25,0,13.5
56,2020-04-26,0,20.86
57,2020-04-27,0,
58,2020-04-28,0,6.55
59,2020-04-29,0,8.83
60,2020-04-30,0,17.52
61,2020-05-01,0,13.21
62,2020-05-02,0,27.47
63,2020-05-03,0,13.94
64,2020-05-04,0,29.33
65,2020-05-05,0,10.92
66,2020-05-06,0,11.67
67,2020-05-07,0,15.14
68,2020-05-08,0,23.16
69,2020-05-09,0,9.22
70,2020-05-10,0,17.17
71,2020-05-11,0,20.01
72,2020-05-12,0,18.26
73,2020-05-13,0,16.05
74,2020-05-14,0,12.88
75,2020-05-15,0,5.08
76,2020-05-16,0,
77,2020-05-17,0,
78,2020-05-18,0,
79,2020-05-19,0,22.5
80,2020-05-20,0,15.22
81,2020-05-21,0,17.27
82,2020-05-22,0,16.74
83,2020-05-23,0,17.21
84,2020-05-24,0,17.47
85,2020-05-25,0,8.62
86,2020-05-26,0,
87,2020-05-27,0,
88,2020-05-28,0,
89,2020-05-29,0,
90,2020-05-30,0,
91,2020-05-31,0,
92,2020-06-01,0,
93,2020-06-02,0,
94,2020-06-03,0,
95,2020-06-04,0,10.29
96,2020-06-05,0,13.38
97,2020-06-06,0,8.07
98,2020-06-07,0,11.32
99,2020-06-08,0,14.38
100,2020-06-09,0,13.56
101,2020-06-10,0,9.57
102,2020-06-11,0,9.26
103,2020-06-12,0,12.6
104,2020-06-13,0,19.78
105,2020-06-14,0,20.85
106,2020-06-15,0,14.84
107,2020-06-16,0,6.73
108,2020-06-17,0,6.33
109,2020-06-18,0,
110,2020-06-19,0,
111,2020-06-20,0,
112,2020-06-21,0,18.76
113,2020-06-22,0,19.95
114,2020-06-23,0,13.23
115,2020-06-24,0,10.48
116,2020-06-25,0,11.79
117,2020-06-26,0,15.37
118,2020-06-27,0,9.25
119,2020-06-28,0,9.18
120,2020-06-29,0,5.94
121,2020-06-30,0,6.19
122,2020-07-01,0,18.26
123,2020-07-02,0,10.26
124,2020-07-03,0,4.79
125,2020-07-04,0,10.41
126,2020-07-05,0,11.68
127,2020-07-06,0,10.78
128,2020-07-07,0,12.28
129,2020-07-08,0,16.56
130,2020-07-09,0,15.75
131,2020-07-10,0,10.23
132,2020-07-11,0,10.85
133,2020-07-12,0,15.97
134,2020-07-13,0,13.35
135,2020-07-14,0,12.52
136,2020-07-15,0,11.87
137,2020-07-16,0,12.4
138,2020-07-17,0,11.41
139,2020-07-18,0,9.84
140,2020-07-19,0,14.73
141,2020-07-20,0,24.16
142,2020-07-21,0,14.73
143,2020-07-22,0,7.21
144,2020-07-23,0,10.56
145,2020-07-24,0,13.99
146,2020-07-25,0,17.93
147,2020-07-26,0,18.3
148,2020-07-27,0,12.56
149,2020-07-28,0,6.75
150,2020-07-29,0,7.63
151,2020-07-30,0,9.9
152,2020-07-31,0,20.28
153,2020-08-01,0,13.93
154,2020-08-02,0,12.91
155,2020-08-03,0,8.41
156,2020-08-04,0,9.56
157,2020-08-05,0,7.97
158,2020-08-06,0,10.33
159,2020-08-07,0,13.47
160,2020-08-08,0,16.36
161,2020-08-09,0,11.18
162,2020-08-10,0,7.9
163,2020-08-11,0,7.04
164,2020-08-12,0,8.24
165,2020-08-13,0,6.71
166,2020-08-14,0,8.62
167,2020-08-15,0,19.09
168,2020-08-16,0,17.96
169,2020-08-17,0,13.0
170,2020-08-18,0,9.08
171,2020-08-19,0,7.54
172,2020-08-20,0,13.71
173,2020-08-21,0,11.64
174,2020-08-22,0,16.79
175,2020-08-23,0,18.09
176,2020-08-24,0,20.96
177,2020-08-25,0,11.52
178,2020-08-26,0,7.51
179,2020-08-27,0,11.57
180,2020-08-28,0,12.15
181,2020-08-29,0,17.72
182,2020-08-30,0,21.03
183,2020-08-31,0,25.58
184,2020-09-01,0,19.58
185,2020-09-02,0,11.1
186,2020-09-03,0,11.96
187,2020-09-04,0,7.92
188,2020-09-05,0,15.14
189,2020-09-06,0,17.14
190,2020-09-07,0,6.17
191,2020-09-08,0,14.72
192,2020-09-09,0,17.2
193,2020-09-10,0,16.75
194,2020-09-11,0,15.48
195,2020-09-12,0,15.58
196,2020-09-13,0,15.13
197,2020-09-14,0,53.68
198,2020-09-15,0,24.92
199,2020-09-16,0,17.81
200,2020-09-17,0,9.17
201,2020-09-18,0,2.56
202,2020-09-19,0,23.48
203,2020-09-20,0,27.78
204,2020-09-21,0,20.86
205,2020-09-22,0,
206,2020-09-23,0,
207,2020-09-24,0,10.66
208,2020-09-25,0,11.89
209,2020-09-26,0,15.95
210,2020-09-27,0,19.38
211,2020-09-28,0,17.14
212,2020-09-29,0,19.68
213,2020-09-30,0,18.21
214,2020-10-01,0,5.27
215,2020-10-02,0,26.66
216,2020-10-03,0,37.48
217,2020-10-04,0,32.1
218,2020-10-05,0,32.51
219,2020-10-06,0,21.44
220,2020-10-07,0,56.21
221,2020-03-01,1,152.58817790377682
222,2020-03-02,1,110.48605518629857
223,2020-03-03,1,35.094169947346145
224,2020-03-04,1,46.91692135214118
225,2020-03-05,1,79.55450722457928
226,2020-03-06,1,29.45957057970614
227,2020-03-07,1,18.779997426589034
228,2020-03-08,1,47.91045304657089
229,2020-03-09,1,74.95518029845088
230,2020-03-10,1,54.84799100614666
231,2020-03-11,1,57.54326945904026
232,2020-03-12,1,67.07038268251408
233,2020-03-13,1,71.34322105941581
234,2020-03-14,1,73.5663988323829
235,2020-03-15,1,108.8731447477827
236,2020-03-16,1,83.85545124529605
237,2020-03-17,1,45.97430508642957
238,2020-03-18,1,34.42152439351264
239,2020-03-19,1,38.87575295006772
240,2020-03-20,1,41.4767214219261
241,2020-03-21,1,64.44732453524207
242,2020-03-22,1,34.36950401712918
243,2020-03-23,1,25.812306022956147
244,2020-03-24,1,17.915462359426616
245,2020-03-25,1,35.95573900870113
246,2020-03-26,1,61.78303600581317
247,2020-03-27,1,91.59976154300668
248,2020-03-28,1,66.30849582172702
249,2020-03-29,1,27.4
250,2020-03-30,1,49.499982801093324
251,2020-03-31,1,61.29569210035573
252,2020-04-01,1,39.49973223350726
253,2020-04-02,1,31.217412205042177
254,2020-04-03,1,48.47128188330461
255,2020-04-04,1,58.28878957733677
256,2020-04-05,1,94.45850914205344
257,2020-04-06,1,23.238410642740252
258,2020-04-07,1,36.79762318271516
259,2020-04-08,1,23.723408686915526
260,2020-04-09,1,18.35053412655764
261,2020-04-10,1,40.64783743124442
262,2020-04-11,1,76.88803894297635
263,2020-04-12,1,71.53277545327755
264,2020-04-13,1,25.092142058525475
265,2020-04-14,1,21.59278518049654
266,2020-04-15,1,13.276309999999999
267,2020-04-16,1,28.778100000000002
268,2020-04-17,1,54.207899999999995
269,2020-04-18,1,30.3491
270,2020-04-19,1,47.36
271,2020-04-20,1,34.3
272,2020-04-21,1,34.59
273,2020-04-22,1,22.515
274,2020-04-23,1,28.869999999999997
275,2020-04-24,1,21.009999999999998
276,2020-04-25,1,13.52
277,2020-04-26,1,14.15
278,2020-04-27,1,27.3
279,2020-04-28,1,15.82
280,2020-04-29,1,9.98
281,2020-04-30,1,6.5
282,2020-05-01,1,5.64
283,2020-05-02,1,
284,2020-05-03,1,
285,2020-05-04,1,4.34
286,2020-05-05,1,8.93
287,2020-05-06,1,9.85
288,2020-05-07,1,
289,2020-05-08,1,
290,2020-05-09,1,
291,2020-05-10,1,
292,2020-05-11,1,11.15
293,2020-05-12,1,8.35
294,2020-05-13,1,16.47
295,2020-05-14,1,13.27
296,2020-05-15,1,6.22
297,2020-05-16,1,36.94
298,2020-05-17,1,12.08
299,2020-05-18,1,15.23
300,2020-05-19,1,8.98
301,2020-05-20,1,9.22
302,2020-05-21,1,11.59
303,2020-05-22,1,8.7
304,2020-05-23,1,28.06
305,2020-05-24,1,10.29
306,2020-05-25,1,8.89
307,2020-05-26,1,17.34
308,2020-05-27,1,10.03
309,2020-05-28,1,7.14
310,2020-05-29,1,7.85
311,2020-05-30,1,10.19
312,2020-05-31,1,
313,2020-06-01,1,13.68
314,2020-06-02,1,7.03
315,2020-06-03,1,7.41
316,2020-06-04,1,7.6
317,2020-06-05,1,17.62
318,2020-06-06,1,5.61
319,2020-06-07,1,35.0
320,2020-06-08,1,10.51
321,2020-06-09,1,7.02
322,2020-06-10,1,7.75
323,2020-06-11,1,8.7
324,2020-06-12,1,9.32
325,2020-06-13,1,17.0
326,2020-06-14,1,
327,2020-06-15,1,9.97
328,2020-06-16,1,5.6
329,2020-06-17,1,6.41
330,2020-06-18,1,7.35
331,2020-06-19,1,6.64
332,2020-06-20,1,15.44
333,2020-06-21,1,16.42
334,2020-06-22,1,18.17
335,2020-06-23,1,9.91
336,2020-06-24,1,8.93
337,2020-06-25,1,8.23
338,2020-06-26,1,10.04
339,2020-06-27,1,9.09
340,2020-06-28,1,
341,2020-06-29,1,7.49
342,2020-06-30,1,12.92
343,2020-07-01,1,8.8
344,2020-07-02,1,9.41
345,2020-07-03,1,6.09
346,2020-07-04,1,8.54
347,2020-07-05,1,
348,2020-07-06,1,10.39
349,2020-07-07,1,6.58
350,2020-07-08,1,12.52
351,2020-07-09,1,11.23
352,2020-07-10,1,9.26
353,2020-07-11,1,80.73
354,2020-07-12,1,11.55
355,2020-07-13,1,122.75
356,2020-07-14,1,56.87
357,2020-07-15,1,11.29
358,2020-07-16,1,10.47
359,2020-07-17,1,40.77
360,2020-07-18,1,17.93
361,2020-07-19,1,19.81
362,2020-07-20,1,391.45
363,2020-07-21,1,8.67
364,2020-07-22,1,6.43
365,2020-07-23,1,
366,2020-07-24,1,
367,2020-07-25,1,
368,2020-07-26,1,
369,2020-07-27,1,5.79
370,2020-07-28,1,6.53
371,2020-07-29,1,5.61
372,2020-07-30,1,6.77
373,2020-07-31,1,24.32
374,2020-08-01,1,15.19
375,2020-08-02,1,11.79
376,2020-08-03,1,8.86
377,2020-08-04,1,10.58
378,2020-08-05,1,36.92
379,2020-08-06,1,440.35
380,2020-08-07,1,18.49
381,2020-08-08,1,23.74
382,2020-08-09,1,17.62
383,2020-08-10,1,11.05
384,2020-08-11,1,11.02
385,2020-08-12,1,13.17
386,2020-08-13,1,7.12
387,2020-08-14,1,18.53
388,2020-08-15,1,16.24
389,2020-08-16,1,
390,2020-08-17,1,15.31
391,2020-08-18,1,14.59
392,2020-08-19,1,10.16
393,2020-08-20,1,12.79
394,2020-08-21,1,11.26
395,2020-08-22,1,30.89
396,2020-08-23,1,16.46
397,2020-08-24,1,28.26
398,2020-08-25,1,12.29
399,2020-08-26,1,12.66
400,2020-08-27,1,18.24
401,2020-08-28,1,11.16
402,2020-08-29,1,20.42
403,2020-08-30,1,46.67
404,2020-08-31,1,24.27
405,2020-09-01,1,25.41
406,2020-09-02,1,14.27
407,2020-09-03,1,21.06
408,2020-09-04,1,9.25
409,2020-09-05,1,21.07
410,2020-09-06,1,20.28
411,2020-09-07,1,10.51
412,2020-09-08,1,16.47
413,2020-09-09,1,23.32
414,2020-09-10,1,18.44
415,2020-09-11,1,18.55
416,2020-09-12,1,
417,2020-09-13,1,51.24
418,2020-09-14,1,26.1
419,2020-09-15,1,13.5
420,2020-09-16,1,22.95
421,2020-09-17,1,10.31
422,2020-09-18,1,12.18
423,2020-09-19,1,43.61
424,2020-09-20,1,33.37
425,2020-09-21,1,19.08
426,2020-09-22,1,12.35
427,2020-09-23,1,15.85
428,2020-09-24,1,15.2
429,2020-09-25,1,17.32
430,2020-09-26,1,12.21
431,2020-09-27,1,
432,2020-09-28,1,19.01
433,2020-09-29,1,17.0
434,2020-09-30,1,28.74
435,2020-10-01,1,29.66
436,2020-10-02,1,50.43
437,2020-10-03,1,37.09
438,2020-10-04,1,
439,2020-10-05,1,29.55
440,2020-10-06,1,28.95
441,2020-10-07,1,50.01
442,2020-03-01,2,196.13718662952647
443,2020-03-02,2,152.99587118084227
444,2020-03-03,2,44.3973556019485
445,2020-03-04,2,64.76532033426184
446,2020-03-05,2,119.5891364902507
447,2020-03-06,2,52.21912072575017
448,2020-03-07,2,30.446453407510432
449,2020-03-08,2,71.92623521224773
450,2020-03-09,2,107.35017793594308
451,2020-03-10,2,81.37186629526462
452,2020-03-11,2,72.63275261324041
453,2020-03-12,2,76.70292207792208
454,2020-03-13,2,99.73991655076496
455,2020-03-14,2,123.92837273991655
456,2020-03-15,2,158.54425087108015
457,2020-03-16,2,144.5883171070932
458,2020-03-17,2,99.37952646239556
459,2020-03-18,2,54.82914923291492
460,2020-03-19,2,55.780945757997216
461,2020-03-20,2,71.71210013908205
462,2020-03-21,2,85.52855153203343
463,2020-03-22,2,33.0
464,2020-03-23,2,34.468989547038326
465,2020-03-24,2,26.709449929478136
466,2020-03-25,2,54.79520697167756
467,2020-03-26,2,80.53076923076924
468,2020-03-27,2,213.16357504215853
469,2020-03-28,2,107.38065414057064
470,2020-03-29,2,50.57316148597423
471,2020-03-30,2,76.28654124457309
472,2020-03-31,2,85.3224155578301
473,2020-04-01,2,75.75591216216216
474,2020-04-02,2,49.84604519774011
475,2020-04-03,2,68.19665271966527
476,2020-04-04,2,115.79817799579536
477,2020-04-05,2,96.1986013986014
478,2020-04-06,2,41.05296167247387
479,2020-04-07,2,76.41562064156206
480,2020-04-08,2,28.36115007012623
481,2020-04-09,2,29.758524704244955
482,2020-04-10,2,65.33194154488518
483,2020-04-11,2,102.65279770444764
484,2020-04-12,2,103.31386347642506
485,2020-04-13,2,57.95755045233125
486,2020-04-14,2,27.810152990264257
487,2020-04-15,2,17.6446
488,2020-04-16,2,52.5528
489,2020-04-17,2,79.7738
490,2020-04-18,2,65.3583
491,2020-04-19,2,59.66
492,2020-04-20,2,42.24
493,2020-04-21,2,59.25
494,2020-04-22,2,47.27
495,2020-04-23,2,54.18
496,2020-04-24,2,38.34
497,2020-04-25,2,30.36
498,2020-04-26,2,44.86
499,2020-04-27,2,39.59
500,2020-04-28,2,25.19
501,2020-04-29,2,46.42
502,2020-04-30,2,28.1
503,2020-05-01,2,37.06
504,2020-05-02,2,73.12
505,2020-05-03,2,37.73
506,2020-05-04,2,26.78
507,2020-05-05,2,25.17
508,2020-05-06,2,21.5
509,2020-05-07,2,37.07
510,2020-05-08,2,27.32
511,2020-05-09,2,21.02
512,2020-05-10,2,30.18
513,2020-05-11,2,24.44
514,2020-05-12,2,29.16
515,2020-05-13,2,24.29
516,2020-05-14,2,24.0
517,2020-05-15,2,19.47
518,2020-05-16,2,44.28
519,2020-05-17,2,36.13
520,2020-05-18,2,37.77
521,2020-05-19,2,19.06
522,2020-05-20,2,36.92
523,2020-05-21,2,47.99
524,2020-05-22,2,30.31
525,2020-05-23,2,43.05
526,2020-05-24,2,35.11
527,2020-05-25,2,29.31
528,2020-05-26,2,35.99
529,2020-05-27,2,24.25
530,2020-05-28,2,16.07
531,2020-05-29,2,22.19
532,2020-05-30,2,28.6
533,2020-05-31,2,32.98
534,2020-06-01,2,27.89
535,2020-06-02,2,15.83
536,2020-06-03,2,39.22
537,2020-06-04,2,27.03
538,2020-06-05,2,19.7
539,2020-06-06,2,23.43
540,2020-06-07,2,33.26
541,2020-06-08,2,24.91
542,2020-06-09,2,24.3
543,2020-06-10,2,27.61
544,2020-06-11,2,27.2
545,2020-06-12,2,28.69
546,2020-06-13,2,41.24
547,2020-06-14,2,38.53
548,2020-06-15,2,27.8
549,2020-06-16,2,23.36
550,2020-06-17,2,
551,2020-06-18,2,21.27
552,2020-06-19,2,22.95
553,2020-06-20,2,52.07
554,2020-06-21,2,50.41
555,2020-06-22,2,45.63
556,2020-06-23,2,29.45
557,2020-06-24,2,
558,2020-06-25,2,46.24
559,2020-06-26,2,28.37
560,2020-06-27,2,25.79
561,2020-06-28,2,20.16
562,2020-06-29,2,19.78
563,2020-06-30,2,30.79
564,2020-07-01,2,27.77
565,2020-07-02,2,23.93
566,2020-07-03,2,13.73
567,2020-07-04,2,37.27
568,2020-07-05,2,37.2
569,2020-07-06,2,26.17
570,2020-07-07,2,21.84
571,2020-07-08,2,42.02
572,2020-07-09,2,24.01
573,2020-07-10,2,20.27
574,2020-07-11,2,22.52
575,2020-07-12,2,34.1
576,2020-07-13,2,36.26
577,2020-07-14,2,28.85
578,2020-07-15,2,25.75
579,2020-07-16,2,28.92
580,2020-07-17,2,26.63
581,2020-07-18,2,20.19
582,2020-07-19,2,26.56
583,2020-07-20,2,28.96
584,2020-07-21,2,18.28
585,2020-07-22,2,14.76
586,2020-07-23,2,27.51
587,2020-07-24,2,26.91
588,2020-07-25,2,32.64
589,2020-07-26,2,30.94
590,2020-07-27,2,23.73
591,2020-07-28,2,29.06
592,2020-07-29,2,14.54
593,2020-07-30,2,24.87
594,2020-07-31,2,41.95
595,2020-08-01,2,30.7
596,2020-08-02,2,37.54
597,2020-08-03,2,36.47
598,2020-08-04,2,33.42
599,2020-08-05,2,19.09
600,2020-08-06,2,22.27
601,2020-08-07,2,54.87
602,2020-08-08,2,34.07
603,2020-08-09,2,23.76
604,2020-08-10,2,21.03
605,2020-08-11,2,15.76
606,2020-08-12,2,19.5
607,2020-08-13,2,18.11
608,2020-08-14,2,24.9
609,2020-08-15,2,41.95
610,2020-08-16,2,41.62
611,2020-08-17,2,25.63
612,2020-08-18,2,30.16
613,2020-08-19,2,29.19
614,2020-08-20,2,29.25
615,2020-08-21,2,18.69
616,2020-08-22,2,44.68
617,2020-08-23,2,38.51
618,2020-08-24,2,48.81
619,2020-08-25,2,19.75
620,2020-08-26,2,14.07
621,2020-08-27,2,25.95
622,2020-08-28,2,35.57
623,2020-08-29,2,49.94
624,2020-08-30,2,54.8
625,2020-08-31,2,46.34
626,2020-09-01,2,47.72
627,2020-09-02,2,23.89
628,2020-09-03,2,23.91
629,2020-09-04,2,13.99
630,2020-09-05,2,39.85
631,2020-09-06,2,27.74
632,2020-09-07,2,13.77
633,2020-09-08,2,32.84
634,2020-09-09,2,40.78
635,2020-09-10,2,30.49
636,2020-09-11,2,50.64
637,2020-09-12,2,37.48
638,2020-09-13,2,48.44
639,2020-09-14,2,54.14
640,2020-09-15,2,30.98
641,2020-09-16,2,40.87
642,2020-09-17,2,13.85
643,2020-09-18,2,28.81
644,2020-09-19,2,74.49
645,2020-09-20,2,113.53
646,2020-09-21,2,66.12
647,2020-09-22,2,31.79
648,2020-09-23,2,47.4
649,2020-09-24,2,29.42
650,2020-09-25,2,23.92
651,2020-09-26,2,30.67
652,2020-09-27,2,60.67
653,2020-09-28,2,17.28
654,2020-09-29,2,66.6
655,2020-09-30,2,45.86
656,2020-10-01,2,33.95
657,2020-10-02,2,76.38
658,2020-10-03,2,74.4
659,2020-10-04,2,103.82
660,2020-10-05,2,75.03
661,2020-10-06,2,35.3
662,2020-10-07,2,116.86
663,2020-03-01,3,61.26564905463988
664,2020-03-02,3,24.920593765026688
665,2020-03-03,3,27.532835198994086
666,2020-03-04,3,42.791704061189606
667,2020-03-05,3,48.827400568181815
668,2020-03-06,3,34.818250950570345
669,2020-03-07,3,28.388826815642457
670,2020-03-08,3,46.27434944237918
671,2020-03-09,3,66.23882681564245
672,2020-03-10,3,47.63372956909361
673,2020-03-11,3,36.74632637277649
674,2020-03-12,3,49.100628930817614
675,2020-03-13,3,45.27958786662076
676,2020-03-14,3,37.65752474413698
677,2020-03-15,3,48.065497943258656
678,2020-03-16,3,32.910434363444466
679,2020-03-17,3,25.152251077049826
680,2020-03-18,3,32.00776982910924
681,2020-03-19,3,34.04171853455914
682,2020-03-20,3,37.34043833959146
683,2020-03-21,3,36.64944610581354
684,2020-03-22,3,28.469283794914727
685,2020-03-23,3,30.156929650947646
686,2020-03-24,3,23.577588991233316
687,2020-03-25,3,24.73504867872045
688,2020-03-26,3,38.13152400835073
689,2020-03-27,3,50.08676467707497
690,2020-03-28,3,35.880911434795244
691,2020-03-29,3,25.93334314722624
692,2020-03-30,3,36.84968554238389
693,2020-03-31,3,36.5100599471687
694,2020-04-01,3,34.196974129502166
695,2020-04-02,3,22.644344270138145
696,2020-04-03,3,43.30710242088476
697,2020-04-04,3,27.574579102018127
698,2020-04-05,3,21.911979624833524
699,2020-04-06,3,22.640851020232407
700,2020-04-07,3,27.236890955386677
701,2020-04-08,3,29.74539548545873
702,2020-04-09,3,23.504904383187913
703,2020-04-10,3,25.888469530633223
704,2020-04-11,3,44.38664812239221
705,2020-04-12,3,30.16329378925332
706,2020-04-13,3,22.408077994428968
707,2020-04-14,3,27.044802570930244
708,2020-04-15,3,11.9237
709,2020-04-16,3,29.5442
710,2020-04-17,3,33.6574
711,2020-04-18,3,11.3295
712,2020-04-19,3,14.97
713,2020-04-20,3,15.55
714,2020-04-21,3,21.89
715,2020-04-22,3,12.85
716,2020-04-23,3,14.56
717,2020-04-24,3,13.47
718,2020-04-25,3,17.01
719,2020-04-26,3,23.97
720,2020-04-27,3,23.04
721,2020-04-28,3,11.46
722,2020-04-29,3,10.02
723,2020-04-30,3,9.04
724,2020-05-01,3,11.97
725,2020-05-02,3,19.1
726,2020-05-03,3,12.62
727,2020-05-04,3,7.13
728,2020-05-05,3,12.0
729,2020-05-06,3,13.45
730,2020-05-07,3,17.28
731,2020-05-08,3,6.37
732,2020-05-09,3,9.18
733,2020-05-10,3,12.81
734,2020-05-11,3,9.31
735,2020-05-12,3,10.82
736,2020-05-13,3,12.54
737,2020-05-14,3,18.64
738,2020-05-15,3,6.47
739,2020-05-16,3,19.07
740,2020-05-17,3,18.39
741,2020-05-18,3,16.66
742,2020-05-19,3,8.38
743,2020-05-20,3,10.96
744,2020-05-21,3,15.38
745,2020-05-22,3,11.11
746,2020-05-23,3,7.15
747,2020-05-24,3,7.36
748,2020-05-25,3,9.9
749,2020-05-26,3,16.38
750,2020-05-27,3,9.93
751,2020-05-28,3,9.56
752,2020-05-29,3,5.47
753,2020-05-30,3,6.39
754,2020-05-31,3,7.19
755,2020-06-01,3,10.76
756,2020-06-02,3,8.96
757,2020-06-03,3,10.63
758,2020-06-04,3,10.01
759,2020-06-05,3,13.89
760,2020-06-06,3,6.16
761,2020-06-07,3,7.7
762,2020-06-08,3,11.5
763,2020-06-09,3,8.92
764,2020-06-10,3,7.39
765,2020-06-11,3,9.12
766,2020-06-12,3,10.58
767,2020-06-13,3,9.19
768,2020-06-14,3,12.03
769,2020-06-15,3,10.24
770,2020-06-16,3,8.54
771,2020-06-17,3,7.81
772,2020-06-18,3,10.52
773,2020-06-19,3,11.43
774,2020-06-20,3,11.78
775,2020-06-21,3,11.84
776,2020-06-22,3,16.67
777,2020-06-23,3,18.05
778,2020-06-24,3,8.57
779,2020-06-25,3,
780,2020-06-26,3,
781,2020-06-27,3,
782,2020-06-28,3,
783,2020-06-29,3,
784,2020-06-30,3,38.33
785,2020-07-01,3,15.07
786,2020-07-02,3,11.75
787,2020-07-03,3,8.38
788,2020-07-04,3,9.43
789,2020-07-05,3,10.22
790,2020-07-06,3,9.5
791,2020-07-07,3,7.95
792,2020-07-08,3,10.62
793,2020-07-09,3,11.13
794,2020-07-10,3,8.3
795,2020-07-11,3,6.22
796,2020-07-12,3,8.7
797,2020-07-13,3,10.38
798,2020-07-14,3,9.77
799,2020-07-15,3,7.6
800,2020-07-16,3,9.54
801,2020-07-17,3,7.57
802,2020-07-18,3,7.08
803,2020-07-19,3,6.37
804,2020-07-20,3,8.26
805,2020-07-21,3,6.66
806,2020-07-22,3,6.29
807,2020-07-23,3,9.51
808,2020-07-24,3,9.9
809,2020-07-25,3,8.24
810,2020-07-26,3,10.67
811,2020-07-27,3,6.82
812,2020-07-28,3,7.55
813,2020-07-29,3,4.2
814,2020-07-30,3,5.89
815,2020-07-31,3,14.71
816,2020-08-01,3,10.11
817,2020-08-02,3,11.03
818,2020-08-03,3,7.57
819,2020-08-04,3,7.52
820,2020-08-05,3,7.76
821,2020-08-06,3,10.15
822,2020-08-07,3,14.08
823,2020-08-08,3,14.76
824,2020-08-09,3,11.4
825,2020-08-10,3,5.65
826,2020-08-11,3,9.07
827,2020-08-12,3,7.89
828,2020-08-13,3,3.83
829,2020-08-14,3,6.99
830,2020-08-15,3,10.31
831,2020-08-16,3,
832,2020-08-17,3,10.13
833,2020-08-18,3,10.19
834,2020-08-19,3,5.75
835,2020-08-20,3,10.2
836,2020-08-21,3,5.78
837,2020-08-22,3,9.35
838,2020-08-23,3,10.75
839,2020-08-24,3,21.29
840,2020-08-25,3,9.54
841,2020-08-26,3,11.67
842,2020-08-27,3,
843,2020-08-28,3,7.14
844,2020-08-29,3,9.63
845,2020-08-30,3,13.08
846,2020-08-31,3,16.09
847,2020-09-01,3,13.1
848,2020-09-02,3,7.46
849,2020-09-03,3,8.01
850,2020-09-04,3,5.17
851,2020-09-05,3,14.75
852,2020-09-06,3,10.42
853,2020-09-07,3,6.1
854,2020-09-08,3,10.5
855,2020-09-09,3,16.35
856,2020-09-10,3,11.51
857,2020-09-11,3,15.12
858,2020-09-12,3,14.38
859,2020-09-13,3,16.2
860,2020-09-14,3,15.59
861,2020-09-15,3,7.71
862,2020-09-16,3,16.09
863,2020-09-17,3,6.66
864,2020-09-18,3,6.82
865,2020-09-19,3,16.11
866,2020-09-20,3,16.94
867,2020-09-21,3,9.9
868,2020-09-22,3,8.82
869,2020-09-23,3,9.82
870,2020-09-24,3,8.98
871,2020-09-25,3,10.9
872,2020-09-26,3,10.3
873,2020-09-27,3,14.12
874,2020-09-28,3,10.32
875,2020-09-29,3,12.73
876,2020-09-30,3,16.05
877,2020-10-01,3,13.51
878,2020-10-02,3,22.42
879,2020-10-03,3,25.85
880,2020-10-04,3,17.52
881,2020-10-05,3,16.53
882,2020-10-06,3,13.22
883,2020-10-07,3,24.67
884,2020-03-01,4,76.9754603970688
885,2020-03-02,4,31.919838029233578
886,2020-03-03,4,32.533744543157844
887,2020-03-04,4,55.0442244566581
888,2020-03-05,4,52.89547688501571
889,2020-03-06,4,26.43741607533005
890,2020-03-07,4,31.19019394990673
891,2020-03-08,4,56.667835229854155
892,2020-03-09,4,62.327306007370304
893,2020-03-10,4,33.70627777621209
894,2020-03-11,4,27.222448492856987
895,2020-03-12,4,50.05048909746933
896,2020-03-13,4,44.34638437250797
897,2020-03-14,4,42.55544990880651
898,2020-03-15,4,49.77776152209499
899,2020-03-16,4,33.417197701901465
900,2020-03-17,4,18.12052147239264
901,2020-03-18,4,36.93433544303797
902,2020-03-19,4,42.05345211581292
903,2020-03-20,4,59.79532719435737
904,2020-03-21,4,38.03451635351426
905,2020-03-22,4,18.58401083310773
906,2020-03-23,4,37.169335552687
907,2020-03-24,4,22.40251132220935
908,2020-03-25,4,39.618504484003324
909,2020-03-26,4,44.623877354030896
910,2020-03-27,4,53.180821648993856
911,2020-03-28,4,38.99661622702411
912,2020-03-29,4,28.106500407290834
913,2020-03-30,4,36.27628919953326
914,2020-03-31,4,39.13136524660641
915,2020-04-01,4,31.544176991331465
916,2020-04-02,4,14.77418823909371
917,2020-04-03,4,39.661130426170274
918,2020-04-04,4,23.279078043327527
919,2020-04-05,4,13.97902499678429
920,2020-04-06,4,21.260322493858666
921,2020-04-07,4,24.049265090827003
922,2020-04-08,4,28.906953493395388
923,2020-04-09,4,15.523842737529774
924,2020-04-10,4,23.610529486090556
925,2020-04-11,4,45.2324148006725
926,2020-04-12,4,24.02413546150137
927,2020-04-13,4,23.88942688296231
928,2020-04-14,4,22.503208684935014
929,2020-04-15,4,13.57822
930,2020-04-16,4,28.73955
931,2020-04-17,4,38.64975
932,2020-04-18,4,14.24895
933,2020-04-19,4,17.41
934,2020-04-20,4,17.31
935,2020-04-21,4,26.875
936,2020-04-22,4,12.18
937,2020-04-23,4,12.315000000000001
938,2020-04-24,4,10.54
939,2020-04-25,4,18.459999999999997
940,2020-04-26,4,26.599999999999998
941,2020-04-27,4,26.24
942,2020-04-28,4,13.81
943,2020-04-29,4,10.763333333333334
944,2020-04-30,4,9.520000000000001
945,2020-05-01,4,9.96
946,2020-05-02,4,21.536666666666672
947,2020-05-03,4,12.709999999999999
948,2020-05-04,4,8.526666666666666
949,2020-05-05,4,16.05333333333333
950,2020-05-06,4,13.669999999999998
951,2020-05-07,4,17.96
952,2020-05-08,4,10.855
953,2020-05-09,4,8.455
954,2020-05-10,4,14.005
955,2020-05-11,4,11.405000000000001
956,2020-05-12,4,11.525
957,2020-05-13,4,10.645
958,2020-05-14,4,21.29
959,2020-05-15,4,12.26
960,2020-05-16,4,36.66
961,2020-05-17,4,28.34
962,2020-05-18,4,24.67
963,2020-05-19,4,13.546666666666667
964,2020-05-20,4,14.966666666666667
965,2020-05-21,4,17.166666666666668
966,2020-05-22,4,11.703333333333333
967,2020-05-23,4,11.006666666666666
968,2020-05-24,4,9.33
969,2020-05-25,4,9.626666666666667
970,2020-05-26,4,16.45
971,2020-05-27,4,9.409999999999998
972,2020-05-28,4,11.566666666666665
973,2020-05-29,4,8.82
974,2020-05-30,4,9.5
975,2020-05-31,4,7.403333333333333
976,2020-06-01,4,13.75
977,2020-06-02,4,6.153333333333333
978,2020-06-03,4,7.949999999999999
979,2020-06-04,4,9.653333333333332
980,2020-06-05,4,22.06
981,2020-06-06,4,12.405000000000001
982,2020-06-07,4,12.79
983,2020-06-08,4,15.925
984,2020-06-09,4,10.06
985,2020-06-10,4,8.905
986,2020-06-11,4,9.870000000000001
987,2020-06-12,4,13.42
988,2020-06-13,4,12.260000000000002
989,2020-06-14,4,14.020000000000001
990,2020-06-15,4,12.06
991,2020-06-16,4,11.963333333333333
992,2020-06-17,4,11.906666666666666
993,2020-06-18,4,14.55
994,2020-06-19,4,12.545
995,2020-06-20,4,16.225
996,2020-06-21,4,21.44
997,2020-06-22,4,21.41
998,2020-06-23,4,17.45
999,2020-06-24,4,7.984999999999999
1000,2020-06-25,4,12.905000000000001
1001,2020-06-26,4,19.36
1002,2020-06-27,4,20.63
1003,2020-06-28,4,20.09
1004,2020-06-29,4,10.59
1005,2020-06-30,4,26.24
1006,2020-07-01,4,25.1
1007,2020-07-02,4,16.78
1008,2020-07-03,4,20.97
1009,2020-07-04,4,11.825000000000001
1010,2020-07-05,4,16.14
1011,2020-07-06,4,12.48
1012,2020-07-07,4,7.815
1013,2020-07-08,4,15.629999999999999
1014,2020-07-09,4,17.045
1015,2020-07-10,4,19.38
1016,2020-07-11,4,18.87
1017,2020-07-12,4,21.78
1018,2020-07-13,4,17.035
1019,2020-07-14,4,11.815
1020,2020-07-15,4,13.765
1021,2020-07-16,4,16.52
1022,2020-07-17,4,9.89
1023,2020-07-18,4,10.855
1024,2020-07-19,4,10.620000000000001
1025,2020-07-20,4,11.46
1026,2020-07-21,4,13.830000000000002
1027,2020-07-22,4,9.795
1028,2020-07-23,4,18.505000000000003
1029,2020-07-24,4,14.830000000000002
1030,2020-07-25,4,11.09
1031,2020-07-26,4,14.129999999999999
1032,2020-07-27,4,13.969999999999999
1033,2020-07-28,4,13.785
1034,2020-07-29,4,13.934999999999999
1035,2020-07-30,4,20.23
1036,2020-07-31,4,17.025
1037,2020-08-01,4,17.185000000000002
1038,2020-08-02,4,14.095
1039,2020-08-03,4,12.504999999999999
1040,2020-08-04,4,12.76
1041,2020-08-05,4,10.465
1042,2020-08-06,4,14.870000000000001
1043,2020-08-07,4,19.98
1044,2020-08-08,4,23.08
1045,2020-08-09,4,19.215
1046,2020-08-10,4,9.726666666666667
1047,2020-08-11,4,9.456666666666665
1048,2020-08-12,4,13.72
1049,2020-08-13,4,12.200000000000001
1050,2020-08-14,4,11.065
1051,2020-08-15,4,14.195
1052,2020-08-16,4,18.62
1053,2020-08-17,4,18.99
1054,2020-08-18,4,20.81
1055,2020-08-19,4,13.19
1056,2020-08-20,4,20.005
1057,2020-08-21,4,6.29
1058,2020-08-22,4,14.28
1059,2020-08-23,4,25.025
1060,2020-08-24,4,25.375
1061,2020-08-25,4,15.296666666666667
1062,2020-08-26,4,16.57
1063,2020-08-27,4,16.723333333333333
1064,2020-08-28,4,8.389999999999999
1065,2020-08-29,4,14.659999999999998
1066,2020-08-30,4,21.220000000000002
1067,2020-08-31,4,21.400000000000002
1068,2020-09-01,4,15.736666666666666
1069,2020-09-02,4,13.03
1070,2020-09-03,4,16.316666666666666
1071,2020-09-04,4,7.826666666666667
1072,2020-09-05,4,20.673333333333336
1073,2020-09-06,4,13.566666666666668
1074,2020-09-07,4,13.263333333333334
1075,2020-09-08,4,18.28666666666667
1076,2020-09-09,4,17.560000000000002
1077,2020-09-10,4,14.87
1078,2020-09-11,4,20.17
1079,2020-09-12,4,15.945
1080,2020-09-13,4,12.195
1081,2020-09-14,4,21.445
1082,2020-09-15,4,10.07
1083,2020-09-16,4,15.605
1084,2020-09-17,4,11.545
1085,2020-09-18,4,8.795
1086,2020-09-19,4,22.679999999999996
1087,2020-09-20,4,26.843333333333334
1088,2020-09-21,4,12.069999999999999
1089,2020-09-22,4,15.050000000000002
1090,2020-09-23,4,17.726666666666667
1091,2020-09-24,4,13.31
1092,2020-09-25,4,19.21
1093,2020-09-26,4,15.813333333333333
1094,2020-09-27,4,22.883333333333336
1095,2020-09-28,4,18.233333333333334
1096,2020-09-29,4,21.16333333333333
1097,2020-09-30,4,23.22
1098,2020-10-01,4,24.69333333333333
1099,2020-10-02,4,32.29333333333333
1100,2020-10-03,4,40.19
1101,2020-10-04,4,26.68
1102,2020-10-05,4,25.935000000000002
1103,2020-10-06,4,23.473333333333333
1104,2020-10-07,4,29.356666666666666
1105,2020-03-01,5,71.410302539042
1106,2020-03-02,5,40.33064846017493
1107,2020-03-03,5,32.56253788346898
1108,2020-03-04,5,54.61124930535341
1109,2020-03-05,5,60.01278721243811
1110,2020-03-06,5,31.045289106080638
1111,2020-03-07,5,37.170320480191606
1112,2020-03-08,5,63.82438523545646
1113,2020-03-09,5,59.5029234705261
1114,2020-03-10,5,33.48025981817343
1115,2020-03-11,5,33.012585704019955
1116,2020-03-12,5,55.76254268762885
1117,2020-03-13,5,66.41710632311062
1118,2020-03-14,5,48.2806012884753
1119,2020-03-15,5,50.65748251748252
1120,2020-03-16,5,32.430761801937436
1121,2020-03-17,5,23.287029265385044
1122,2020-03-18,5,37.96598454101566
1123,2020-03-19,5,38.11142654364798
1124,2020-03-20,5,48.32147838214784
1125,2020-03-21,5,37.98115840893231
1126,2020-03-22,5,19.30337078651685
1127,2020-03-23,5,33.662299854439595
1128,2020-03-24,5,21.777464788732395
1129,2020-03-25,5,45.11087866108787
1130,2020-03-26,5,37.30710306406685
1131,2020-03-27,5,73.3683683819667
1132,2020-03-28,5,44.45072379723001
1133,2020-03-29,5,36.04354116489705
1134,2020-03-30,5,46.88830897703549
1135,2020-03-31,5,46.385902694751124
1136,2020-04-01,5,37.14410778685822
1137,2020-04-02,5,17.205772195985602
1138,2020-04-03,5,38.32974457715568
1139,2020-04-04,5,22.44882240626499
1140,2020-04-05,5,19.582294573283274
1141,2020-04-06,5,28.468078439956454
1142,2020-04-07,5,25.45189287725035
1143,2020-04-08,5,29.871827043120263
1144,2020-04-09,5,32.634769816243164
1145,2020-04-10,5,30.149805168785967
1146,2020-04-11,5,49.81669671884421
1147,2020-04-12,5,31.33444778318382
1148,2020-04-13,5,25.573975174378145
1149,2020-04-14,5,19.660556829591314
1150,2020-04-15,5,10.713635
1151,2020-04-16,5,30.91975
1152,2020-04-17,5,39.516850000000005
1153,2020-04-18,5,12.26566
1154,2020-04-19,5,16.415
1155,2020-04-20,5,18.1
1156,2020-04-21,5,23.685
1157,2020-04-22,5,11.795
1158,2020-04-23,5,11.58
1159,2020-04-24,5,13.93
1160,2020-04-25,5,17.075
1161,2020-04-26,5,25.435000000000002
1162,2020-04-27,5,27.145
1163,2020-04-28,5,13.51
1164,2020-04-29,5,12.785
1165,2020-04-30,5,8.505
1166,2020-05-01,5,13.419999999999998
1167,2020-05-02,5,24.54
1168,2020-05-03,5,11.4
1169,2020-05-04,5,9.045
1170,2020-05-05,5,15.8
1171,2020-05-06,5,11.79
1172,2020-05-07,5,17.57
1173,2020-05-08,5,7.64
1174,2020-05-09,5,8.75
1175,2020-05-10,5,10.79
1176,2020-05-11,5,8.26
1177,2020-05-12,5,6.14
1178,2020-05-13,5,8.89
1179,2020-05-14,5,15.89
1180,2020-05-15,5,9.29
1181,2020-05-16,5,20.34
1182,2020-05-17,5,12.27
1183,2020-05-18,5,18.18
1184,2020-05-19,5,6.61
1185,2020-05-20,5,10.95
1186,2020-05-21,5,16.77
1187,2020-05-22,5,14.07
1188,2020-05-23,5,9.67
1189,2020-05-24,5,5.96
1190,2020-05-25,5,8.83
1191,2020-05-26,5,10.93
1192,2020-05-27,5,7.31
1193,2020-05-28,5,7.59
1194,2020-05-29,5,4.71
1195,2020-05-30,5,13.06
1196,2020-05-31,5,7.04
1197,2020-06-01,5,10.59
1198,2020-06-02,5,5.34
1199,2020-06-03,5,6.61
1200,2020-06-04,5,7.61
1201,2020-06-05,5,14.24
1202,2020-06-06,5,11.27
1203,2020-06-07,5,8.67
1204,2020-06-08,5,12.95
1205,2020-06-09,5,4.53
1206,2020-06-10,5,14.64
1207,2020-06-11,5,9.695
1208,2020-06-12,5,10.675
1209,2020-06-13,5,15.955
1210,2020-06-14,5,11.440000000000001
1211,2020-06-15,5,11.795
1212,2020-06-16,5,6.245
1213,2020-06-17,5,7.715
1214,2020-06-18,5,12.355
1215,2020-06-19,5,10.485
1216,2020-06-20,5,12.825
1217,2020-06-21,5,20.655
1218,2020-06-22,5,16.63
1219,2020-06-23,5,8.629999999999999
1220,2020-06-24,5,8.14
1221,2020-06-25,5,9.16
1222,2020-06-26,5,10.15
1223,2020-06-27,5,12.29
1224,2020-06-28,5,16.28
1225,2020-06-29,5,7.64
1226,2020-06-30,5,21.95
1227,2020-07-01,5,4.94
1228,2020-07-02,5,9.23
1229,2020-07-03,5,5.34
1230,2020-07-04,5,9.28
1231,2020-07-05,5,13.93
1232,2020-07-06,5,6.27
1233,2020-07-07,5,10.74
1234,2020-07-08,5,12.74
1235,2020-07-09,5,14.64
1236,2020-07-10,5,13.07
1237,2020-07-11,5,8.36
1238,2020-07-12,5,14.565000000000001
1239,2020-07-13,5,14.795
1240,2020-07-14,5,13.29
1241,2020-07-15,5,9.219999999999999
1242,2020-07-16,5,12.155000000000001
1243,2020-07-17,5,9.57
1244,2020-07-18,5,12.719999999999999
1245,2020-07-19,5,10.73
1246,2020-07-20,5,10.48
1247,2020-07-21,5,15.434999999999999
1248,2020-07-22,5,7.279999999999999
1249,2020-07-23,5,13.265
1250,2020-07-24,5,11.76
1251,2020-07-25,5,13.0
1252,2020-07-26,5,14.370000000000001
1253,2020-07-27,5,7.93
1254,2020-07-28,5,6.545
1255,2020-07-29,5,5.93
1256,2020-07-30,5,9.785
1257,2020-07-31,5,20.68
1258,2020-08-01,5,13.06
1259,2020-08-02,5,14.379999999999999
1260,2020-08-03,5,11.41
1261,2020-08-04,5,9.925
1262,2020-08-05,5,8.594999999999999
1263,2020-08-06,5,14.850000000000001
1264,2020-08-07,5,16.485
1265,2020-08-08,5,22.75
1266,2020-08-09,5,12.99
1267,2020-08-10,5,7.53
1268,2020-08-11,5,7.91
1269,2020-08-12,5,8.945
1270,2020-08-13,5,7.535
1271,2020-08-14,5,9.465
1272,2020-08-15,5,20.06
1273,2020-08-16,5,19.759999999999998
1274,2020-08-17,5,15.809999999999999
1275,2020-08-18,5,11.575
1276,2020-08-19,5,10.64
1277,2020-08-20,5,11.44
1278,2020-08-21,5,8.58
1279,2020-08-22,5,17.200000000000003
1280,2020-08-23,5,17.155
1281,2020-08-24,5,17.119999999999997
1282,2020-08-25,5,11.18
1283,2020-08-26,5,16.56
1284,2020-08-27,5,12.685
1285,2020-08-28,5,10.22
1286,2020-08-29,5,17.740000000000002
1287,2020-08-30,5,24.78
1288,2020-08-31,5,27.03
1289,2020-09-01,5,22.25
1290,2020-09-02,5,12.55
1291,2020-09-03,5,9.735
1292,2020-09-04,5,5.59
1293,2020-09-05,5,21.795
1294,2020-09-06,5,20.915
1295,2020-09-07,5,8.41
1296,2020-09-08,5,13.285
1297,2020-09-09,5,16.3
1298,2020-09-10,5,14.04
1299,2020-09-11,5,26.185000000000002
1300,2020-09-12,5,19.12
1301,2020-09-13,5,21.645
1302,2020-09-14,5,22.28
1303,2020-09-15,5,9.8
1304,2020-09-16,5,19.365000000000002
1305,2020-09-17,5,11.16
1306,2020-09-18,5,17.509999999999998
1307,2020-09-19,5,27.93
1308,2020-09-20,5,34.519999999999996
1309,2020-09-21,5,18.080000000000002
1310,2020-09-22,5,11.530000000000001
1311,2020-09-23,5,19.09
1312,2020-09-24,5,12.004999999999999
1313,2020-09-25,5,13.530000000000001
1314,2020-09-26,5,21.4
1315,2020-09-27,5,23.73
1316,2020-09-28,5,20.84
1317,2020-09-29,5,24.2
1318,2020-09-30,5,20.71
1319,2020-10-01,5,18.64
1320,2020-10-02,5,36.58
1321,2020-10-03,5,32.14
1322,2020-10-04,5,30.66
1323,2020-10-05,5,27.89
1324,2020-10-06,5,22.92
1325,2020-10-07,5,31.61
1326,2020-03-01,6,67.09754385964912
1327,2020-03-02,6,39.21215311589334
1328,2020-03-03,6,38.63106590410716
1329,2020-03-04,6,48.92484342379959
1330,2020-03-05,6,49.05414275466285
1331,2020-03-06,6,27.79304223526982
1332,2020-03-07,6,28.996933872803137
1333,2020-03-08,6,56.161507359909024
1334,2020-03-09,6,58.033561652453585
1335,2020-03-10,6,35.85399628468819
1336,2020-03-11,6,28.378799232572515
1337,2020-03-12,6,48.747748312510026
1338,2020-03-13,6,42.61108178588983
1339,2020-03-14,6,40.904514836227236
1340,2020-03-15,6,45.64532240899217
1341,2020-03-16,6,26.28252205225186
1342,2020-03-17,6,17.069808027923212
1343,2020-03-18,6,38.60886628411779
1344,2020-03-19,6,38.432141039868576
1345,2020-03-20,6,43.871647654101395
1346,2020-03-21,6,37.68287209773878
1347,2020-03-22,6,16.33223603323585
1348,2020-03-23,6,29.255215334887303
1349,2020-03-24,6,19.799849141711803
1350,2020-03-25,6,33.25746563300701
1351,2020-03-26,6,42.08929810635357
1352,2020-03-27,6,53.488130359622346
1353,2020-03-28,6,35.4592107994948
1354,2020-03-29,6,26.361672473867593
1355,2020-03-30,6,37.88094828499479
1356,2020-03-31,6,38.903047850642785
1357,2020-04-01,6,31.62263593854181
1358,2020-04-02,6,13.852836921682357
1359,2020-04-03,6,38.14787396221152
1360,2020-04-04,6,20.481945276351425
1361,2020-04-05,6,17.826983540841628
1362,2020-04-06,6,20.090680473372778
1363,2020-04-07,6,26.318349215657527
1364,2020-04-08,6,24.117233111470192
1365,2020-04-09,6,13.928322894919972
1366,2020-04-10,6,26.42107093184979
1367,2020-04-11,6,47.203442130454704
1368,2020-04-12,6,25.42623303152071
1369,2020-04-13,6,21.761802375719004
1370,2020-04-14,6,21.366866174232367
1371,2020-04-15,6,11.238199999999999
1372,2020-04-16,6,27.08615
1373,2020-04-17,6,32.08485
1374,2020-04-18,6,12.97095
1375,2020-04-19,6,13.7
1376,2020-04-20,6,14.45
1377,2020-04-21,6,20.049999999999997
1378,2020-04-22,6,9.895
1379,2020-04-23,6,9.695
1380,2020-04-24,6,8.645
1381,2020-04-25,6,14.15
1382,2020-04-26,6,22.805
1383,2020-04-27,6,25.009999999999998
1384,2020-04-28,6,13.719999999999999
1385,2020-04-29,6,8.135
1386,2020-04-30,6,7.765000000000001
1387,2020-05-01,6,8.145
1388,2020-05-02,6,19.265
1389,2020-05-03,6,9.105
1390,2020-05-04,6,4.7
1391,2020-05-05,6,10.11
1392,2020-05-06,6,11.35
1393,2020-05-07,6,14.15
1394,2020-05-08,6,18.62
1395,2020-05-09,6,7.43
1396,2020-05-10,6,14.98
1397,2020-05-11,6,7.82
1398,2020-05-12,6,10.27
1399,2020-05-13,6,10.379999999999999
1400,2020-05-14,6,13.67
1401,2020-05-15,6,7.82
1402,2020-05-16,6,21.5
1403,2020-05-17,6,17.52
1404,2020-05-18,6,17.1
1405,2020-05-19,6,9.01
1406,2020-05-20,6,10.445
1407,2020-05-21,6,13.95
1408,2020-05-22,6,8.35
1409,2020-05-23,6,9.73
1410,2020-05-24,6,9.42
1411,2020-05-25,6,9.73
1412,2020-05-26,6,14.72
1413,2020-05-27,6,8.455
1414,2020-05-28,6,236.58999999999997
1415,2020-05-29,6,8.19
1416,2020-05-30,6,7.875
1417,2020-05-31,6,6.925
1418,2020-06-01,6,9.440000000000001
1419,2020-06-02,6,6.14
1420,2020-06-03,6,6.925000000000001
1421,2020-06-04,6,8.335
1422,2020-06-05,6,18.23
1423,2020-06-06,6,10.69
1424,2020-06-07,6,9.004999999999999
1425,2020-06-08,6,10.65
1426,2020-06-09,6,7.51
1427,2020-06-10,6,6.63
1428,2020-06-11,6,9.315000000000001
1429,2020-06-12,6,9.455
1430,2020-06-13,6,11.45
1431,2020-06-14,6,10.89
1432,2020-06-15,6,9.84
1433,2020-06-16,6,6.3100000000000005
1434,2020-06-17,6,7.285
1435,2020-06-18,6,9.07
1436,2020-06-19,6,9.685
1437,2020-06-20,6,11.05
1438,2020-06-21,6,11.025
1439,2020-06-22,6,16.5
1440,2020-06-23,6,9.16
1441,2020-06-24,6,5.815
1442,2020-06-25,6,7.63
1443,2020-06-26,6,7.97
1444,2020-06-27,6,8.88
1445,2020-06-28,6,8.06
1446,2020-06-29,6,4.9
1447,2020-06-30,6,18.09
1448,2020-07-01,6,6.39
1449,2020-07-02,6,9.38
1450,2020-07-03,6,5.31
1451,2020-07-04,6,8.54
1452,2020-07-05,6,11.05
1453,2020-07-06,6,8.48
1454,2020-07-07,6,5.16
1455,2020-07-08,6,11.53
1456,2020-07-09,6,11.72
1457,2020-07-10,6,9.82
1458,2020-07-11,6,6.62
1459,2020-07-12,6,9.92
1460,2020-07-13,6,13.79
1461,2020-07-14,6,13.0
1462,2020-07-15,6,10.13
1463,2020-07-16,6,13.655
1464,2020-07-17,6,8.74
1465,2020-07-18,6,10.155000000000001
1466,2020-07-19,6,7.155
1467,2020-07-20,6,9.225
1468,2020-07-21,6,8.115
1469,2020-07-22,6,7.78
1470,2020-07-23,6,13.73
1471,2020-07-24,6,12.425
1472,2020-07-25,6,9.780000000000001
1473,2020-07-26,6,12.64
1474,2020-07-27,6,8.56
1475,2020-07-28,6,8.53
1476,2020-07-29,6,4.960000000000001
1477,2020-07-30,6,7.715
1478,2020-07-31,6,17.83
1479,2020-08-01,6,13.785
1480,2020-08-02,6,10.865
1481,2020-08-03,6,9.94
1482,2020-08-04,6,11.28
1483,2020-08-05,6,9.12
1484,2020-08-06,6,12.275
1485,2020-08-07,6,19.095
1486,2020-08-08,6,20.53
1487,2020-08-09,6,13.66
1488,2020-08-10,6,6.695
1489,2020-08-11,6,7.619999999999999
1490,2020-08-12,6,11.185
1491,2020-08-13,6,7.04
1492,2020-08-14,6,9.245
1493,2020-08-15,6,19.78
1494,2020-08-16,6,14.82
1495,2020-08-17,6,14.625
1496,2020-08-18,6,11.58
1497,2020-08-19,6,8.254999999999999
1498,2020-08-20,6,13.379999999999999
1499,2020-08-21,6,7.895
1500,2020-08-22,6,12.934999999999999
1501,2020-08-23,6,13.275
1502,2020-08-24,6,22.68
1503,2020-08-25,6,13.24
1504,2020-08-26,6,16.345
1505,2020-08-27,6,14.780000000000001
1506,2020-08-28,6,7.845000000000001
1507,2020-08-29,6,13.235
1508,2020-08-30,6,19.235
1509,2020-08-31,6,19.92
1510,2020-09-01,6,16.990000000000002
1511,2020-09-02,6,11.34
1512,2020-09-03,6,9.65
1513,2020-09-04,6,7.015000000000001
1514,2020-09-05,6,19.83
1515,2020-09-06,6,13.105
1516,2020-09-07,6,8.345
1517,2020-09-08,6,16.61
1518,2020-09-09,6,25.48
1519,2020-09-10,6,19.060000000000002
1520,2020-09-11,6,24.435000000000002
1521,2020-09-12,6,18.64
1522,2020-09-13,6,23.83
1523,2020-09-14,6,29.065
1524,2020-09-15,6,10.74
1525,2020-09-16,6,14.950000000000001
1526,2020-09-17,6,12.7
1527,2020-09-18,6,13.49
1528,2020-09-19,6,23.795
1529,2020-09-20,6,53.515
1530,2020-09-21,6,11.690000000000001
1531,2020-09-22,6,13.645
1532,2020-09-23,6,18.78
1533,2020-09-24,6,12.365
1534,2020-09-25,6,18.275
1535,2020-09-26,6,76.32499999999999
1536,2020-09-27,6,53.655
1537,2020-09-28,6,168.32
1538,2020-09-29,6,22.305
1539,2020-09-30,6,22.685
1540,2020-10-01,6,20.630000000000003
1541,2020-10-02,6,29.28
1542,2020-10-03,6,30.945
1543,2020-10-04,6,24.564999999999998
1544,2020-10-05,6,17.75
1545,2020-10-06,6,17.6
1546,2020-10-07,6,28.46
1547,2020-03-01,7,46.11357608266741
1548,2020-03-02,7,22.820844409356
1549,2020-03-03,7,37.50453277545328
1550,2020-03-04,7,59.85141739576672
1551,2020-03-05,7,47.87680373084444
1552,2020-03-06,7,25.490448817901733
1553,2020-03-07,7,34.833360756173526
1554,2020-03-08,7,48.63326374391092
1555,2020-03-09,7,56.76284553254802
1556,2020-03-10,7,37.51913709116214
1557,2020-03-11,7,31.542571274568314
1558,2020-03-12,7,45.47712531603052
1559,2020-03-13,7,42.792097119202765
1560,2020-03-14,7,37.18746253804389
1561,2020-03-15,7,42.0552144397093
1562,2020-03-16,7,26.508879973678184
1563,2020-03-17,7,16.84268631969082
1564,2020-03-18,7,31.263492513116873
1565,2020-03-19,7,37.381793335742
1566,2020-03-20,7,44.51766522767913
1567,2020-03-21,7,23.664680503177568
1568,2020-03-22,7,17.042939961849704
1569,2020-03-23,7,39.36985465001773
1570,2020-03-24,7,28.80407371862394
1571,2020-03-25,7,46.82746576818351
1572,2020-03-26,7,40.64992024665182
1573,2020-03-27,7,50.99276466775284
1574,2020-03-28,7,39.30553687220296
1575,2020-03-29,7,40.37506924775481
1576,2020-03-30,7,40.493173461860316
1577,2020-03-31,7,39.440693223929216
1578,2020-04-01,7,32.25962571536152
1579,2020-04-02,7,11.879453168860742
1580,2020-04-03,7,29.8814036606049
1581,2020-04-04,7,16.527947531773627
1582,2020-04-05,7,14.019314227873725
1583,2020-04-06,7,24.515351694245744
1584,2020-04-07,7,24.694500016101244
1585,2020-04-08,7,24.0661726841698
1586,2020-04-09,7,9.11572765145767
1587,2020-04-10,7,24.308971049303736
1588,2020-04-11,7,34.29098031119611
1589,2020-04-12,7,20.01008470136042
1590,2020-04-13,7,21.917929535104413
1591,2020-04-14,7,20.743869120448657
1592,2020-04-15,7,8.492595000000001
1593,2020-04-16,7,23.6179
1594,2020-04-17,7,33.6143
1595,2020-04-18,7,11.5048
1596,2020-04-19,7,16.009999999999998
1597,2020-04-20,7,14.145
1598,2020-04-21,7,20.145000000000003
1599,2020-04-22,7,10.57
1600,2020-04-23,7,8.42
1601,2020-04-24,7,7.13
1602,2020-04-25,7,17.9
1603,2020-04-26,7,26.705
1604,2020-04-27,7,21.314999999999998
1605,2020-04-28,7,8.565
1606,2020-04-29,7,9.08
1607,2020-04-30,7,7.45
1608,2020-05-01,7,8.485
1609,2020-05-02,7,16.814999999999998
1610,2020-05-03,7,10.25
1611,2020-05-04,7,5.57
1612,2020-05-05,7,14.355
1613,2020-05-06,7,12.985
1614,2020-05-07,7,16.47
1615,2020-05-08,7,6.9399999999999995
1616,2020-05-09,7,10.855
1617,2020-05-10,7,10.905
1618,2020-05-11,7,6.745
1619,2020-05-12,7,10.504999999999999
1620,2020-05-13,7,8.795
1621,2020-05-14,7,15.989999999999998
1622,2020-05-15,7,7.949999999999999
1623,2020-05-16,7,20.645
1624,2020-05-17,7,18.41
1625,2020-05-18,7,20.66
1626,2020-05-19,7,7.925
1627,2020-05-20,7,8.595
1628,2020-05-21,7,10.03
1629,2020-05-22,7,8.465
1630,2020-05-23,7,8.0
1631,2020-05-24,7,7.42
1632,2020-05-25,7,8.2
1633,2020-05-26,7,13.57
1634,2020-05-27,7,7.66
1635,2020-05-28,7,10.190000000000001
1636,2020-05-29,7,5.515000000000001
1637,2020-05-30,7,5.615
1638,2020-05-31,7,5.83
1639,2020-06-01,7,9.025
1640,2020-06-02,7,5.13
1641,2020-06-03,7,6.9399999999999995
1642,2020-06-04,7,9.07
1643,2020-06-05,7,15.545
1644,2020-06-06,7,13.05
1645,2020-06-07,7,9.855
1646,2020-06-08,7,9.100000000000001
1647,2020-06-09,7,7.19
1648,2020-06-10,7,8.785
1649,2020-06-11,7,8.885
1650,2020-06-12,7,11.115
1651,2020-06-13,7,7.92
1652,2020-06-14,7,8.52
1653,2020-06-15,7,7.8950000000000005
1654,2020-06-16,7,7.37
1655,2020-06-17,7,8.475
1656,2020-06-18,7,8.985
1657,2020-06-19,7,8.969999999999999
1658,2020-06-20,7,9.89
1659,2020-06-21,7,9.575
1660,2020-06-22,7,13.47
1661,2020-06-23,7,14.42
1662,2020-06-24,7,15.0
1663,2020-06-25,7,9.76
1664,2020-06-26,7,8.469999999999999
1665,2020-06-27,7,9.19
1666,2020-06-28,7,10.565000000000001
1667,2020-06-29,7,7.17
1668,2020-06-30,7,16.89
1669,2020-07-01,7,7.05
1670,2020-07-02,7,9.985
1671,2020-07-03,7,6.75
1672,2020-07-04,7,9.469999999999999
1673,2020-07-05,7,10.15
1674,2020-07-06,7,9.86
1675,2020-07-07,7,6.385
1676,2020-07-08,7,9.219999999999999
1677,2020-07-09,7,9.495000000000001
1678,2020-07-10,7,9.485
1679,2020-07-11,7,7.895
1680,2020-07-12,7,10.280000000000001
1681,2020-07-13,7,11.754999999999999
1682,2020-07-14,7,10.3
1683,2020-07-15,7,8.98
1684,2020-07-16,7,10.485
1685,2020-07-17,7,8.455
1686,2020-07-18,7,8.48
1687,2020-07-19,7,7.574999999999999
1688,2020-07-20,7,8.445
1689,2020-07-21,7,7.65
1690,2020-07-22,7,7.484999999999999
1691,2020-07-23,7,10.73
1692,2020-07-24,7,10.33
1693,2020-07-25,7,8.945
1694,2020-07-26,7,11.18
1695,2020-07-27,7,8.825
1696,2020-07-28,7,6.745
1697,2020-07-29,7,3.5700000000000003
1698,2020-07-30,7,8.870000000000001
1699,2020-07-31,7,9.809999999999999
1700,2020-08-01,7,10.585
1701,2020-08-02,7,9.92
1702,2020-08-03,7,8.45
1703,2020-08-04,7,9.344999999999999
1704,2020-08-05,7,7.925000000000001
1705,2020-08-06,7,7.025
1706,2020-08-07,7,14.059999999999999
1707,2020-08-08,7,14.455000000000002
1708,2020-08-09,7,12.855
1709,2020-08-10,7,9.58
1710,2020-08-11,7,9.485
1711,2020-08-12,7,10.31
1712,2020-08-13,7,7.045
1713,2020-08-14,7,7.515000000000001
1714,2020-08-15,7,8.850000000000001
1715,2020-08-16,7,11.89
1716,2020-08-17,7,11.875
1717,2020-08-18,7,9.665
1718,2020-08-19,7,6.755000000000001
1719,2020-08-20,7,10.49
1720,2020-08-21,7,8.254999999999999
1721,2020-08-22,7,11.254999999999999
1722,2020-08-23,7,14.11
1723,2020-08-24,7,16.955000000000002
1724,2020-08-25,7,12.425
1725,2020-08-26,7,15.18
1726,2020-08-27,7,15.27
1727,2020-08-28,7,9.775
1728,2020-08-29,7,10.02
1729,2020-08-30,7,15.765
1730,2020-08-31,7,16.985
1731,2020-09-01,7,11.51
1732,2020-09-02,7,6.695
1733,2020-09-03,7,5.965
1734,2020-09-04,7,4.27
1735,2020-09-05,7,8.7
1736,2020-09-06,7,6.215
1737,2020-09-07,7,5.09
1738,2020-09-08,7,9.21
1739,2020-09-09,7,9.235
1740,2020-09-10,7,10.74
1741,2020-09-11,7,11.75
1742,2020-09-12,7,8.7
1743,2020-09-13,7,9.68
1744,2020-09-14,7,12.725000000000001
1745,2020-09-15,7,5.715
1746,2020-09-16,7,6.7250000000000005
1747,2020-09-17,7,6.635
1748,2020-09-18,7,6.385
1749,2020-09-19,7,11.265
1750,2020-09-20,7,12.535
1751,2020-09-21,7,18.7
1752,2020-09-22,7,15.46
1753,2020-09-23,7,14.425
1754,2020-09-24,7,15.115
1755,2020-09-25,7,19.505
1756,2020-09-26,7,17.275
1757,2020-09-27,7,22.64
1758,2020-09-28,7,15.775
1759,2020-09-29,7,22.41
1760,2020-09-30,7,24.5
1761,2020-10-01,7,21.875
1762,2020-10-02,7,27.845
1763,2020-10-03,7,27.439999999999998
1764,2020-10-04,7,25.675
1765,2020-10-05,7,22.3
1766,2020-10-06,7,24.36
1767,2020-10-07,7,22.225
