,ds,yhat
0,2017-03-22,34.2607359931225
1,2017-03-23,34.09703411881175
2,2017-03-24,34.0764966870874
3,2017-03-25,34.18252210181461
4,2017-03-26,34.39633409981863
5,2017-03-27,34.697382658278464
6,2017-03-28,35.06378948876532
7,2017-03-29,35.47282733591469
8,2017-03-30,35.90142134754939
9,2017-03-31,36.32666014031668
10,2017-04-01,36.726303869243594
11,2017-04-02,37.079276631062704
12,2017-04-03,37.366130889974464
13,2017-04-04,37.56947230216782
14,2017-04-05,37.6743343138918
15,2017-04-06,37.66849319174017
16,2017-04-07,37.54271567045554
17,2017-04-08,37.29093316086061
18,2017-04-09,36.91033834304655
19,2017-04-10,36.40140199914772
20,2017-04-11,35.767810003127224
21,2017-04-12,35.016322454939974
22,2017-04-13,34.156558958935435
23,2017-04-14,33.20071594826752
24,2017-04-15,32.16322369665538
25,2017-04-16,31.060352190018
26,2017-04-17,29.909776311531935
27,2017-04-18,28.730111791493275
28,2017-04-19,27.54043406123991
29,2017-04-20,26.35979251217556
30,2017-04-21,25.20673267981709
31,2017-04-22,24.098838579327076
32,2017-04-23,23.052306763356615
33,2017-04-24,22.081562749322007
34,2017-04-25,21.19892923853506
35,2017-04-26,20.414354088941522
36,2017-04-27,19.735204339205307
37,2017-04-28,19.16613076251153
38,2017-04-29,18.709005504449443
39,2017-04-30,18.36293338379736
40,2017-05-01,18.12433546284556
41,2017-05-02,17.987101578578635
42,2017-05-03,17.942806720009052
43,2017-05-04,17.98098346144064
44,2017-05-05,18.08944737739098
45,2017-05-06,18.254655751517262
46,2017-05-07,18.462099497234927
47,2017-05-08,18.696712158967763
48,2017-05-09,18.943285691594433
49,2017-05-10,19.186881669597458
50,2017-05-11,19.413226870372867
51,2017-05-12,19.609082769795645
52,2017-05-13,19.76257936245598
53,2017-05-14,19.863504846734454
54,2017-05-15,19.90354406161605
55,2017-05-16,19.876460087814
56,2017-05-17,19.778215085508325
57,2017-05-18,19.60702818654558
58,2017-05-19,19.363370042871406
59,2017-05-20,19.0498953949615
60,2017-05-21,18.671316734482104
61,2017-05-22,18.23422372202826
62,2017-05-23,17.74685446017786
63,2017-05-24,17.218825965384845
64,2017-05-25,16.660832199972592
65,2017-05-26,16.084318790904412
66,2017-05-27,15.50114405716203
67,2017-05-28,14.923236181828692
68,2017-05-29,14.362256296075845
69,2017-05-30,13.829276896108048
70,2017-05-31,13.334484402871674
71,2017-06-01,12.886913832310384
72,2017-06-02,12.494222453076624
73,2017-06-03,12.162508094568217
74,2017-06-04,11.896176354711514
75,2017-06-05,11.697859478043902
76,2017-06-06,11.56838812904408
77,2017-06-07,11.50681573208238
78,2017-06-08,11.510493531423677
79,2017-06-09,11.575193086121125
80,2017-06-10,11.695271596259175
81,2017-06-11,11.863874295531225
82,2017-06-12,12.073167172342423
83,2017-06-13,12.314592523168812
84,2017-06-14,12.579139315965861
85,2017-06-15,12.857620068192467
86,2017-06-16,13.140945898962208
87,2017-06-17,13.42039165336709
88,2017-06-18,13.687843436168162
89,2017-06-19,13.936021572798381
90,2017-06-20,14.158672885780646
91,2017-06-21,14.350727213236212
92,2017-06-22,14.508414268871746
93,2017-06-23,14.62933821225593
94,2017-06-24,14.712508624907166
95,2017-06-25,14.758327930941299
96,2017-06-26,14.768536619879416
97,2017-06-27,14.746118884349134
98,2017-06-28,14.695172438191111
99,2017-06-29,14.620747308565626
100,2017-06-30,14.528659231203449
101,2017-07-01,14.425283974468325
102,2017-07-02,14.317339361145194
103,2017-07-03,14.21166201289822
104,2017-07-04,14.114985867602929
105,2017-07-05,14.033729328116152
106,2017-07-06,13.973797499549736
107,2017-07-07,13.940405376418955
108,2017-07-08,13.937927072046048
109,2017-07-09,13.96977526659229
110,2017-07-10,14.038314017512821
111,2017-07-11,14.144806960848364
112,2017-07-12,14.289401770131928
113,2017-07-13,14.47115056406005
114,2017-07-14,14.688064817969583
115,2017-07-15,14.937202240498767
116,2017-07-16,15.214782099911417
117,2017-07-17,15.516324621964547
118,2017-07-18,15.836809374985126
119,2017-07-19,16.170847024314504
120,2017-07-20,16.512858493225576
121,2017-07-21,16.85725541997564
122,2017-07-22,17.19861585375022
123,2017-07-23,17.531849382302926
124,2017-07-24,17.852346321416416
125,2017-07-25,18.156106205273762
126,2017-07-26,18.43984157756262
127,2017-07-27,18.701053961275786
128,2017-07-28,18.938079881886498
129,2017-07-29,19.1501058400747
130,2017-07-30,19.337152218992387
131,2017-07-31,19.500027170734352
132,2017-08-01,19.640252553160508
133,2017-08-02,19.75996493941996
134,2017-08-03,19.8617955687926
135,2017-08-04,19.948733821192697
136,2017-08-05,20.02397935603216
137,2017-08-06,20.090788440652528
138,2017-08-07,20.15232019202851
139,2017-08-08,20.211488461138767
140,2017-08-09,20.270824901059385
141,2017-08-10,20.332358391117875
142,2017-08-11,20.397515424738863
143,2017-08-12,20.467045380296817
144,2017-08-13,20.540973736354484
145,2017-08-14,20.618585347077595
146,2017-08-15,20.698438863213404
147,2017-08-16,20.778412310193865
148,2017-08-17,20.85577875096956
149,2017-08-18,20.92730990260593
150,2017-08-19,20.98940457683364
151,2017-08-20,21.038237908567925
152,2017-08-21,21.069926552868626
153,2017-08-22,21.08070439640251
154,2017-08-23,21.067102865587497
155,2017-08-24,21.026129638730954
156,2017-08-25,20.955439487992734
157,2017-08-26,20.85349110603256
158,2017-08-27,20.719684094342416
159,2017-08-28,20.554470809781314
160,2017-08-29,20.359438462476906
161,2017-08-30,20.137357713621963
162,2017-08-31,19.89219501071308
163,2017-09-01,19.629086990834274
164,2017-09-02,19.35427644686445
165,2017-09-03,19.0750105514104
166,2017-09-04,18.79940323201019
167,2017-09-05,18.536264751495743
168,2017-09-06,18.294902632646803
169,2017-09-07,18.08489904447782
170,2017-09-08,17.915870598624227
171,2017-09-09,17.797217178298055
172,2017-09-10,17.73786689489977
173,2017-09-11,17.746024539128168
174,2017-09-12,17.8289309448023
175,2017-09-13,17.992640512880687
176,2017-09-14,18.241823752444905
177,2017-09-15,18.5796010939226
178,2017-09-16,19.007413433034177
179,2017-09-17,19.524933893638636
180,2017-09-18,20.13002418070135
181,2017-09-19,20.81873766382011
182,2017-09-20,21.585370015084166
183,2017-09-21,22.42255688616678
184,2017-09-22,23.321416737315655
185,2017-09-23,24.271735628899307
186,2017-09-24,25.262189542732298
187,2017-09-25,26.280598678457974
188,2017-09-26,27.314207196503034
189,2017-09-27,28.34998108457689
190,2017-09-28,29.374916234191126
191,2017-09-29,30.376348446504604
192,2017-09-30,31.3422569553305
193,2017-10-01,32.26155316528799
194,2017-10-02,33.12434665342644
195,2017-10-03,33.92218106445149
196,2017-10-04,34.64823333068791
197,2017-10-05,35.29747063502849
198,2017-10-06,35.866760703668874
199,2017-10-07,36.354932303739034
200,2017-10-08,36.76278421530329
201,2017-10-09,37.09304239605614
202,2017-10-10,37.350266521849996
203,2017-10-11,37.54070852387542
204,2017-10-12,37.672127111970944
205,2017-10-13,37.753563532906476
206,2017-10-14,37.7950849253328
207,2017-10-15,37.80750256641786
208,2017-10-16,37.802073030842735
209,2017-10-17,37.79019077794823
210,2017-10-18,37.78308093971576
211,2017-10-19,37.79150106508671
212,2017-10-20,37.82546033918891
213,2017-10-21,37.89396427675192
214,2017-10-22,38.00479215638511
215,2017-10-23,38.164313509689094
216,2017-10-24,38.3773488410375
217,2017-10-25,38.64707846215219
218,2017-10-26,38.97500191746312
219,2017-10-27,39.360948992256375
220,2017-10-28,39.80314177924657
221,2017-10-29,40.298305774410025
222,2017-10-30,40.8418265239624
223,2017-10-31,41.42794699199246
224,2017-11-01,42.049999615510984
225,2017-11-02,42.70066595112975
226,2017-11-03,43.372256016564045
227,2017-11-04,44.056998802835054
228,2017-11-05,44.7473350882837
229,2017-11-06,45.43620358913534
230,2017-11-07,46.11731165002241
231,2017-11-08,46.7853821059187
232,2017-11-09,47.43636862257552
233,2017-11-10,48.06763272705856
234,2017-11-11,48.67807684730914
235,2017-11-12,49.26822895841432
236,2017-11-13,49.84027584647356
237,2017-11-14,50.39804350760985
238,2017-11-15,50.94692475706343
239,2017-11-16,51.49375568249906
240,2017-11-17,52.046644098605576
241,2017-11-18,52.614754592497796
242,2017-11-19,53.208056057248896
243,2017-11-20,53.83703875132721
244,2017-11-21,54.51240886238424
245,2017-11-22,55.244769266239736
246,2017-11-23,56.04429563499423
247,2017-11-24,56.92041724716948
248,2017-11-25,57.881511781468376
249,2017-11-26,58.934623035191855
250,2017-11-27,60.0852099077397
251,2017-11-28,61.33693414459699
252,2017-11-29,62.69149327842772
253,2017-11-30,64.14850393866934
254,2017-12-01,65.70543931041139
255,2017-12-02,67.35762299125491
256,2017-12-03,69.09827991023327
257,2017-12-04,70.91864335880037
258,2017-12-05,72.8081155932269
259,2017-12-06,74.75447794628536
260,2017-12-07,76.7441449769184
261,2017-12-08,78.76245593140521
262,2017-12-09,80.79399572393342
263,2017-12-10,82.82293680029841
264,2017-12-11,84.8333926490711
265,2017-12-12,86.80977338808665
266,2017-12-13,88.73713379261737
267,2017-12-14,90.60150433718123
268,2017-12-15,92.3901963090901
269,2017-12-16,94.09207278069113
270,2017-12-17,95.69777819622203
271,2017-12-18,97.19992050125671
272,2017-12-19,98.59320108616735
273,2017-12-20,99.87448929088615
274,2017-12-21,101.04283978329113
275,2017-12-22,102.09945273277498
276,2017-12-23,103.04757830740085
277,2017-12-24,103.89236858040593
278,2017-12-25,104.64068139556339
279,2017-12-26,105.30084206695588
280,2017-12-27,105.88236994792021
281,2017-12-28,106.3956778331946
282,2017-12-29,106.85175289026898
283,2017-12-30,107.26182825649308
284,2017-12-31,107.63705463415084
285,2018-01-01,107.98818113243148
286,2018-01-02,108.32525425477353
287,2018-01-03,108.65734332235814
288,2018-01-04,108.99229977863189
289,2018-01-05,109.33655676118113
290,2018-01-06,109.69497408813947
291,2018-01-07,110.07073242379812
292,2018-01-08,110.46527890059505
293,2018-01-09,110.87832495072374
294,2018-01-10,111.30789550173691
295,2018-01-11,111.75042723184805
296,2018-01-12,112.20091209626574
297,2018-01-13,112.6530810373707
298,2018-01-14,113.09962163338912
299,2018-01-15,113.53242248070225
300,2018-01-16,113.94283636926093
301,2018-01-17,114.32195382021868
302,2018-01-18,114.6608783239287
303,2018-01-19,114.95099465134248
304,2018-01-20,115.18422191069564
305,2018-01-21,115.3532435748113
306,2018-01-22,115.45170749557876
307,2018-01-23,115.47438992173342
308,2018-01-24,115.41731873099425
309,2018-01-25,115.27785240577492
310,2018-01-26,115.05471272704358
311,2018-01-27,114.7479706535897
312,2018-01-28,114.35898636611505
313,2018-01-29,113.8903059354687
314,2018-01-30,113.3455184772997
315,2018-01-31,112.7290789378066
316,2018-02-01,112.04610277762819
317,2018-02-02,111.302139747891
318,2018-02-03,110.50293465507464
319,2018-02-04,109.65418346688475
320,2018-02-05,108.76129330572962
321,2018-02-06,107.8291547945826
322,2018-02-07,106.86193489029344
323,2018-02-08,105.86289771588125
324,2018-02-09,104.83426007165895
325,2018-02-10,103.77708723456522
326,2018-02-11,102.69123340454064
327,2018-02-12,101.57532975494175
328,2018-02-13,100.42682153409618
329,2018-02-14,99.24205409184336
330,2018-02-15,98.01640611620111
331,2018-02-16,96.74446680924817
332,2018-02-17,95.42025225565101
333,2018-02-18,94.037454887727
334,2018-02-19,92.58971876980323
335,2018-02-20,91.07093244752369
336,2018-02-21,89.47553037430202
337,2018-02-22,87.79879344581423
338,2018-02-23,86.0371389824982
339,2018-02-24,84.18839059181207
340,2018-02-25,82.25201872583617
341,2018-02-26,80.22934341510282
342,2018-02-27,78.12369159088792
343,2018-02-28,75.94050258094228
344,2018-03-01,73.68737674650578
345,2018-03-02,71.37406378357196
346,2018-03-03,69.01238889529584
347,2018-03-04,66.61611680751511
348,2018-03-05,64.20075539544564
349,2018-03-06,61.78330246697241
350,2018-03-07,59.38194094690505
351,2018-03-08,57.01568929381547
352,2018-03-09,54.704015388859546
353,2018-03-10,52.466423338791174
354,2018-03-11,50.32202358750556
355,2018-03-12,48.289097405223785
356,2018-03-13,46.384667198519836
357,2018-03-14,44.624084144256734
358,2018-03-15,43.02064439107618
359,2018-03-16,41.58524449725638
360,2018-03-17,40.326085896560855
361,2018-03-18,39.24843702544123
362,2018-03-19,38.3544603358288
363,2018-03-20,37.643109794105506
364,2018-03-21,37.11010267234897
365,2018-03-22,36.7479675206829
366,2018-03-23,36.54616822172343
367,2018-03-24,36.49130202392361
368,2018-03-25,36.567367485219975
369,2018-03-26,36.756096386197186
370,2018-03-27,37.037341944814905
371,2018-03-28,37.38951413104024
372,2018-03-29,37.790051582270635
373,2018-03-30,38.21591859621564
374,2018-03-31,38.64411495586257
375,2018-04-01,39.052185942529626
376,2018-04-02,39.418719829674586
377,2018-04-03,39.72382042508849
378,2018-04-04,39.94954283595912
379,2018-04-05,40.08028155405906
380,2018-04-06,40.103101173127946
381,2018-04-07,40.008001524419264
382,2018-04-08,39.78811071009519
383,2018-04-09,39.43980138177928
384,2018-04-10,38.96272760259656
385,2018-04-11,38.35978169167805
386,2018-04-12,37.63697252435752
387,2018-04-13,36.80322879314705
388,2018-04-14,35.87013266897974
389,2018-04-15,34.85159108705887
390,2018-04-16,33.76345346891564
391,2018-04-17,32.62308603941096
392,2018-04-18,31.448913968730942
393,2018-04-19,30.259943336780328
394,2018-04-20,29.07527536113718
395,2018-04-21,27.91362543901206
396,2018-04-22,26.792859327345756
397,2018-04-23,25.729558230705727
398,2018-04-24,24.738623700986974
399,2018-04-25,23.832932101257153
400,2018-04-26,23.023046981663605
401,2018-04-27,22.316996097552067
402,2018-04-28,21.72011801493892
403,2018-04-29,21.234981345560563
404,2018-04-30,20.861377686094883
405,2018-05-01,20.59638735793708
406,2018-05-02,20.434515109467675
407,2018-05-03,20.367891104622032
408,2018-05-04,20.386530829473063
409,2018-05-05,20.478646047646183
410,2018-05-06,20.630997665278663
411,2018-05-07,20.829280359652056
412,2018-05-08,21.058528107979924
413,2018-05-09,21.303529340870806
414,2018-05-10,21.549240347195667
415,2018-05-11,21.781185772843504
416,2018-05-12,21.98583557577364
417,2018-05-13,22.150948606272763
418,2018-05-14,22.265874048664994
419,2018-05-15,22.321803256266264
420,2018-05-16,22.311965996322773
421,2018-05-17,22.23176675235652
422,2018-05-18,22.078858460254704
423,2018-05-19,21.853152832053173
424,2018-05-20,21.556768197015113
425,2018-05-21,21.1939175134847
426,2018-05-22,20.770740829013665
427,2018-05-23,20.295087946056743
428,2018-05-24,19.776258345936274
429,2018-05-25,19.224706500563393
430,2018-05-26,18.651721532049393
431,2018-05-27,18.069090744331557
432,2018-05-28,17.488756835905267
433,2018-05-29,16.922478604442233
434,2018-05-30,16.381504676289165
435,2018-05-31,15.876269248325087
436,2018-06-01,15.416118036040366
437,2018-06-02,15.00907160603456
438,2018-06-03,14.661632066038706
439,2018-06-04,14.378637728315375
440,2018-06-05,14.163168894498789
441,2018-06-06,14.016506375500512
442,2018-06-07,13.938142804657744
443,2018-06-08,13.925845271259277
444,2018-06-09,13.975766339216122
445,2018-06-10,14.082599163566044
446,2018-06-11,14.239771213636615
447,2018-06-12,14.439670089015635
448,2018-06-13,14.673894100462476
449,2018-06-14,14.933519703125349
450,2018-06-15,15.209377527885465
451,2018-06-16,15.492328664729726
452,2018-06-17,15.773533008614379
453,2018-06-18,16.04470187512716
454,2018-06-19,16.298327714787103
455,2018-06-20,16.527884579356055
456,2018-06-21,16.727993993268573
457,2018-06-22,16.894552025813713
458,2018-06-23,17.024814608537532
459,2018-06-24,17.117439458617813
460,2018-06-25,17.17248431182837
461,2018-06-26,17.191362497439265
462,2018-06-27,17.17675816206659
463,2018-06-28,17.132504632208327
464,2018-06-29,17.06343046149926
465,2018-06-30,16.9751786082323
466,2018-07-01,16.87400490646357
467,2018-07-02,16.766562510497813
468,2018-07-03,16.659679294981267
469,2018-07-04,16.56013527485182
470,2018-07-05,16.474446971771922
471,2018-07-06,16.408665303353693
472,2018-07-07,16.368193022665327
473,2018-07-08,16.35762700750737
474,2018-07-09,16.38062981704128
475,2018-07-10,16.439833926812366
476,2018-07-11,16.536780955289796
477,2018-07-12,16.671897041002822
478,2018-07-13,16.844504356277078
479,2018-07-14,17.05286758847042
480,2018-07-15,17.2942731186473
481,2018-07-16,17.565137614874494
482,2018-07-17,17.861141864072685
483,2018-07-18,18.177384919247775
484,2018-07-19,18.5085530604708
485,2018-07-20,18.849097674683733
486,2018-07-21,19.19341596207313
487,2018-07-22,19.53602837978519
488,2018-07-23,19.871746935218088
489,2018-07-24,20.19582883290765
490,2018-07-25,20.504110546810317
491,2018-07-26,20.793118114014923
492,2018-07-27,21.06015030196228
493,2018-07-28,21.303332260620834
494,2018-07-29,21.521638301782435
495,2018-07-30,21.714883516156867
496,2018-07-31,21.88368500989553
497,2018-08-01,22.029394581087697
498,2018-08-02,22.154005629401553
499,2018-08-03,22.260037967386694
500,2018-08-04,22.350404951087917
501,2018-08-05,22.428267946749116
502,2018-08-06,22.49688357974004
503,2018-08-07,22.55944945770632
504,2018-08-08,22.618954114134652
505,2018-08-09,22.678036779061493
506,2018-08-10,22.738862255023385
507,2018-08-11,22.803015668780787
508,2018-08-12,22.87142119894225
509,2018-08-13,22.94428806786323
510,2018-08-14,23.021086159010498
511,2018-08-15,23.100552608091967
512,2018-08-16,23.180729650229885
513,2018-08-17,23.259032920801822
514,2018-08-18,23.33234833933768
515,2018-08-19,23.397154688934602
516,2018-08-20,23.449668071364453
517,2018-08-21,23.486003601220904
518,2018-08-22,23.5023490285155
519,2018-08-23,23.495144471020975
520,2018-08-24,23.461262113352692
521,2018-08-25,23.3981796014711
522,2018-08-26,23.30414093504863
523,2018-08-27,23.178298935967835
524,2018-08-28,23.020833842307933
525,2018-08-29,22.833043231001305
526,2018-08-30,22.61739929030059
527,2018-08-31,22.37757042132665
528,2018-09-01,22.118405218077932
529,2018-09-02,21.845878024899573
530,2018-09-03,21.566996464921104
531,2018-09-04,21.289672535464035
532,2018-09-05,21.02256003983855
533,2018-09-06,20.7748622325126
534,2018-09-07,20.556114561381925
535,2018-09-08,20.3759482645155
536,2018-09-09,20.243841290873895
537,2018-09-10,20.168863541181402
538,2018-09-11,20.159423748186722
539,2018-09-12,20.22302542238709
540,2018-09-13,20.366039174206435
541,2018-09-14,20.593498387343367
542,2018-09-15,20.90892466791681
543,2018-09-16,21.314188744336402
544,2018-09-17,21.809411563509332
545,2018-09-18,22.392909245957565
546,2018-09-19,23.061184356136124
547,2018-09-20,23.808964649492463
548,2018-09-21,24.62928911193708
549,2018-09-22,25.51363974993075
550,2018-09-23,26.452116260428934
551,2018-09-24,27.433649448948728
552,2018-09-25,28.446248109063035
553,2018-09-26,29.47727306251271
554,2018-09-27,30.51373121733258
555,2018-09-28,31.542581857798233
556,2018-09-29,32.55104695556132
557,2018-09-30,33.52691710011211
558,2018-10-01,34.458844696349956
559,2018-10-02,35.33661636782746
560,2018-10-03,36.15139702960578
561,2018-10-04,36.89593884098774
562,2018-10-05,37.56474919536571
563,2018-10-06,38.15421302579591
564,2018-10-07,38.6626659692467
565,2018-10-08,39.09041630361784
566,2018-10-09,39.439715010420834
567,2018-10-10,39.714674780952734
568,2018-10-11,39.92114023219482
569,2018-10-12,40.066512988469356
570,2018-10-13,40.1595365752142
571,2018-10-14,40.21004722396383
572,2018-10-15,40.22869766869456
573,2018-10-16,40.226661793566194
574,2018-10-17,40.215328547312424
575,2018-10-18,40.20599385281499
576,2018-10-19,40.209559301799914
577,2018-10-20,40.2362462311085
578,2018-10-21,40.29533333346599
579,2018-10-22,40.39492527404894
580,2018-10-23,40.5417588832813
581,2018-10-24,40.741052402062095
582,2018-10-25,40.99640199890172
583,2018-10-26,41.309728395730694
584,2018-10-27,41.681274970112995
585,2018-10-28,42.10965718929787
586,2018-10-29,42.59196171957774
587,2018-10-30,43.12389208747922
588,2018-10-31,43.69995639015913
589,2018-11-01,44.31369130183937
590,2018-11-02,44.95791553804764
591,2018-11-03,45.62500505234833
592,2018-11-04,46.307181577625464
593,2018-11-05,46.9968057059187
594,2018-11-06,47.6866655406398
595,2018-11-07,48.370252057697876
596,2018-11-08,49.04201267627158
597,2018-11-09,49.6975751550616
598,2018-11-10,50.33393477934483
599,2018-11-11,50.949598863542676
600,2018-11-12,51.5446838331644
601,2018-11-13,52.12096153332489
602,2018-11-14,52.681852898323335
603,2018-11-15,53.232368665235626
604,2018-11-16,53.77899837880831
605,2018-11-17,54.32955046955289
606,2018-11-18,54.892947647062506
607,2018-11-19,55.47898319308154
608,2018-11-20,56.098044924539394
609,2018-11-21,56.76081459017148
610,2018-11-22,57.477951236203985
611,2018-11-23,58.25976760352059
612,2018-11-24,59.11590888470832
613,2018-11-25,60.05504316586482
614,2018-11-26,61.084572604156044
615,2018-11-27,62.210373855329145
616,2018-11-28,63.43657548009271
617,2018-11-29,64.76537904687915
618,2018-11-30,66.19692943962724
619,2018-12-01,67.72923850723218
620,2018-12-02,69.3581646956616
621,2018-12-03,71.07744972747017
622,2018-12-04,72.8788117816113
623,2018-12-05,74.75209302599619
624,2018-12-06,76.6854578120549
625,2018-12-07,78.6656363994814
626,2018-12-08,80.67820778196642
627,2018-12-09,82.70791406860958
628,2018-12-10,84.73899797367628
629,2018-12-11,86.75555430470092
630,2018-12-12,88.74188593597171
631,2018-12-13,90.68285462203363
632,2018-12-14,92.56421714841312
633,2018-12-15,94.37293772993966
634,2018-12-16,96.09746823886846
635,2018-12-17,97.72798875635057
636,2018-12-18,99.25660206457945
637,2018-12-19,100.67747700122305
638,2018-12-20,101.98693704432307
639,2018-12-21,103.18349204278073
640,2018-12-22,104.26781261017487
641,2018-12-23,105.24264831124981
642,2018-12-24,106.11269234474726
643,2018-12-25,106.88439691724307
644,2018-12-26,107.56574486783543
645,2018-12-27,108.16598430315685
646,2018-12-28,108.6953340020736
647,2018-12-29,109.16466812105631
648,2018-12-30,109.58518925252693
649,2018-12-31,109.96809914550533
650,2019-01-01,110.32427638342936
651,2019-01-02,110.66397002991769
652,2019-01-03,110.99651770837022
653,2019-01-04,111.33009579281614
654,2019-01-05,111.67150837923265
655,2019-01-06,112.02602050931591
656,2019-01-07,112.39723976819549
657,2019-01-08,112.78704891459954
658,2019-01-09,113.19559067003067
659,2019-01-10,113.62130423843334
660,2019-01-11,114.06101159590514
661,2019-01-12,114.51005012677159
662,2019-01-13,114.96244683128185
663,2019-01-14,115.41112813126307
664,2019-01-15,115.84815828875819
665,2019-01-16,116.26499865876038
666,2019-01-17,116.65277944383722
667,2019-01-18,117.00257532173893
668,2019-01-19,117.3056762853204
669,2019-01-20,117.55384526761823
670,2019-01-21,117.73955461599112
671,2019-01-22,117.8561942125705
672,2019-01-23,117.89824499114815
673,2019-01-24,117.86141274365497
674,2019-01-25,117.7427184076412
675,2019-01-26,117.54054243970762
676,2019-01-27,117.25462236547122
677,2019-01-28,116.8860041087055
678,2019-01-29,116.43694919453841
679,2019-01-30,115.91080134782786
680,2019-01-31,115.3118173243538
681,2019-02-01,114.6449679783137
682,2019-02-02,113.91571654839693
683,2019-02-03,113.12978190583416
684,2019-02-04,112.29289502682545
685,2019-02-05,111.41055721177933
686,2019-02-06,110.4878085653084
687,2019-02-07,109.5290149731747
688,2019-02-08,108.53768127207384
689,2019-02-09,107.51629752027642
690,2019-02-10,106.46622426451756
691,2019-02-11,105.38762149042651
692,2019-02-12,104.2794245758736
693,2019-02-13,103.13936907946922
694,2019-02-14,101.96406463473593
695,2019-02-15,100.74911663113974
696,2019-02-16,99.48929279433759
697,2019-02-17,98.17873027787303
698,2019-02-18,96.81117749349319
699,2019-02-19,95.38026367990614
700,2019-02-20,93.87978817982423
701,2019-02-21,92.30402059522751
702,2019-02-22,90.64800244791789
703,2019-02-23,88.90784070568662
704,2019-02-24,87.08098355556771
705,2019-02-25,85.166469116965
706,2019-02-26,83.16513838349663
707,2019-02-27,81.07980454925591
708,2019-02-28,78.91537199018359
709,2019-03-01,76.67889950508136
710,2019-03-02,74.37960393645119
711,2019-03-03,72.02880194757958
712,2019-03-04,69.63978948176066
713,2019-03-05,67.22766022267618
714,2019-03-06,64.80906616081717
715,2019-03-07,62.40192509703644
716,2019-03-08,60.02508153045332
717,2019-03-09,57.697928837025984
718,2019-03-10,55.440001902134014
719,2019-03-11,53.27055038868026
720,2019-03-12,51.208103568372785
721,2019-03-13,49.27003809499218
722,2019-03-14,47.47216023771094
723,2019-03-15,45.82831391271423
724,2019-03-16,44.35002535473825
725,2019-03-17,43.04619446677037
726,2019-03-18,41.92284179560688
727,2019-03-19,40.98291873151035
728,2019-03-20,40.2261869562244
729,2019-03-21,39.649171407561454
730,2019-03-22,39.24518913740824
731,2019-03-23,39.00445446477604
732,2019-03-24,38.91425882025658
733,2019-03-25,38.95922169799668
734,2019-03-26,39.121607230836354
735,2019-03-27,39.381699136133136
736,2019-03-28,39.71822519341969
737,2019-03-29,40.10882105490926
738,2019-03-30,40.530522094208756
739,2019-03-31,40.96027119873581
740,2019-04-01,41.37542993037638
741,2019-04-02,41.75428033114285
742,2019-04-03,42.076504841164464
743,2019-04-04,42.32363232141908
744,2019-04-05,42.47943901929074
745,2019-04-06,42.5302944596303
746,2019-04-07,42.46544365654177
747,2019-04-08,42.27721868397957
748,2019-04-09,41.96117447192115
749,2019-04-10,41.51614566003602
750,2019-04-11,40.94422338920448
751,2019-04-12,40.25065298730654
752,2019-04-13,39.44365555343511
753,2019-04-14,38.534178408489666
754,2019-04-15,37.53558120700306
755,2019-04-16,36.463266145907994
756,2019-04-17,35.334262116833614
757,2019-04-18,34.16677379165293
758,2019-04-19,32.979707476598705
759,2019-04-20,31.79218609623523
760,2019-04-21,30.62306586197042
761,2019-04-22,29.490467037094152
762,2019-04-23,28.411330736544947
763,2019-04-24,27.401012909781826
764,2019-04-25,26.47292557216387
765,2019-04-26,25.638234005436537
766,2019-04-27,24.90561707958302
767,2019-04-28,24.281096100383003
768,2019-04-29,23.767935708865732
769,2019-04-30,23.366618402259103
770,2019-05-01,23.07489226538365
771,2019-05-02,22.88788955102064
772,2019-05-03,22.798311880765542
773,2019-05-04,22.79667610487867
774,2019-05-05,22.871613306963063
775,2019-05-06,23.010212108171274
776,2019-05-07,23.19839635046022
777,2019-05-08,23.421326446658256
778,2019-05-09,23.663813195578072
779,2019-05-10,23.910732683784946
780,2019-05-11,24.147431033522
781,2019-05-12,24.36010820153189
782,2019-05-13,24.5361707704972
783,2019-05-14,24.664544679678826
784,2019-05-15,24.735940083345415
785,2019-05-16,24.74306196701998
786,2019-05-17,24.680761750198265
787,2019-05-18,24.54612681311019
788,2019-05-19,24.338506655287986
789,2019-05-20,24.05947617455031
790,2019-05-21,23.712738296442573
791,2019-05-22,23.303969837497053
792,2019-05-23,22.840616005453462
793,2019-05-24,22.33164028455445
794,2019-05-25,21.787237588332097
795,2019-05-26,21.218519456704986
796,2019-05-27,20.637180706277782
797,2019-05-28,20.055157298271947
798,2019-05-29,19.48428526091183
799,2019-05-30,18.93597029439714
800,2019-05-31,18.42087720648435
801,2019-06-01,17.94864759286574
802,2019-06-02,17.527653213609454
803,2019-06-03,17.16479135582646
804,2019-06-04,16.865327149774153
805,2019-06-05,16.63278636141238
806,2019-06-06,16.46890066239194
807,2019-06-07,16.37360582401434
808,2019-06-08,16.345091740288936
809,2019-06-09,16.379901701696497
810,2019-06-10,16.473076957871115
811,2019-06-11,16.618341363190922
812,2019-06-12,16.808319828527438
813,2019-06-13,17.0347834339736
814,2019-06-14,17.28891341369092
815,2019-06-15,17.561575820876953
816,2019-06-16,17.843598526207145
817,2019-06-17,18.126042298132333
818,2019-06-18,18.400458051307883
819,2019-06-19,18.659122916677745
820,2019-06-20,18.895248562807616
821,2019-06-21,19.10315615693956
822,2019-06-22,19.278413464293966
823,2019-06-23,19.417930810044346
824,2019-06-24,19.520013931521692
825,2019-06-25,19.584373088257923
826,2019-06-26,19.612089133635983
827,2019-06-27,19.605538543621126
828,2019-06-28,19.56828060725662
829,2019-06-29,19.504911074386577
830,2019-06-30,19.42088749755108
831,2019-07-01,19.322332270056208
832,2019-07-02,19.215819930588516
833,2019-07-03,19.108155661561486
834,2019-07-04,19.00615204564426
835,2019-07-05,18.916411061839042
836,2019-07-06,18.845118004249848
837,2019-07-07,18.797853505925488
838,2019-07-08,18.779429164716063
839,2019-07-09,18.793751422141224
840,2019-07-10,18.84371736783152
841,2019-07-11,18.93114506383302
842,2019-07-12,19.05673983960005
843,2019-07-13,19.220096836723652
844,2019-07-14,19.419738919367486
845,2019-07-15,19.653187948575233
846,2019-07-16,19.917066380859964
847,2019-07-17,20.207225225488095
848,2019-07-18,20.51889360912285
849,2019-07-19,20.84684457392347
850,2019-07-20,21.18557129450997
851,2019-07-21,21.529467652105883
852,2019-07-22,21.873007057091908
853,2019-07-23,22.21091356360773
854,2019-07-24,22.53831966507278
855,2019-07-25,22.85090568499002
856,2019-07-26,23.145016364604448
857,2019-07-27,23.417751074628413
858,2019-07-28,23.667025014637584
859,2019-07-29,23.891599779768107
860,2019-07-30,24.09108273663603
861,2019-07-31,24.265895724040373
862,2019-08-01,24.41721464414974
863,2019-08-02,24.546882502188964
864,2019-08-03,24.657299355037946
865,2019-08-04,24.751293412335414
866,2019-08-05,24.831978172290356
867,2019-08-06,24.902600947811987
868,2019-08-07,24.966388431204354
869,2019-08-08,25.026395048243003
870,2019-08-09,25.08535976128986
871,2019-08-10,25.145576698935475
872,2019-08-11,25.20878452563215
873,2019-08-12,25.27607883312844
874,2019-08-13,25.347851057033346
875,2019-08-14,25.423756520674953
876,2019-08-15,25.50271321409617
877,2019-08-16,25.582931860082596
878,2019-08-17,25.661976735834205
879,2019-08-18,25.736855643285537
880,2019-08-19,25.804136388074333
881,2019-08-20,25.860086170753693
882,2019-08-21,25.90082944538979
883,2019-08-22,25.922519088734266
884,2019-08-23,25.92151517163028
885,2019-08-24,25.894565252782225
886,2019-08-25,25.838979936757877
887,2019-08-26,25.752797461256932
888,2019-08-27,25.63493130420376
889,2019-08-28,25.485295224582437
890,2019-08-29,25.30490076048561
891,2019-08-30,25.095922986891864
892,2019-08-31,24.86173126124244
893,2019-09-01,24.606882729873206
894,2019-09-02,24.337077501308414
895,2019-09-03,24.059075579100888
896,2019-09-04,23.780576850850373
897,2019-09-05,23.51006661423191
898,2019-09-06,23.256630248266745
899,2019-09-07,23.02974167313127
900,2019-09-08,22.83903115158308
901,2019-09-09,22.69403874000288
902,2019-09-10,22.60396027205855
903,2019-09-11,22.577393133313805
904,2019-09-12,22.622089246882616
905,2019-09-13,22.744722630744576
906,2019-09-14,22.950678605958764
907,2019-09-15,23.24387123730889
908,2019-09-16,23.626594886439765
909,2019-09-17,24.099414870956686
910,2019-09-18,24.661101175622694
911,2019-09-19,25.308607983240208
912,2019-09-20,26.037100516725097
913,2019-09-21,26.84002934716507
914,2019-09-22,27.70925096434972
915,2019-09-23,28.635192066353813
916,2019-09-24,29.607053743246286
917,2019-09-25,30.61305054503929
918,2019-09-26,31.64067837157275
919,2019-09-27,32.677004234576394
920,2019-09-28,33.708970246710734
921,2019-09-29,34.723703711718215
922,2019-09-30,35.70882493912045
923,2019-10-01,36.65274439624969
924,2019-10-02,37.54494104099142
925,2019-10-03,38.376214146528916
926,2019-10-04,39.13890162207606
927,2019-10-05,39.82705873256786
928,2019-10-06,40.43659220092373
929,2019-10-07,40.965345908183856
930,2019-10-08,41.413135754993725
931,2019-10-09,41.781732673471566
932,2019-10-10,42.07479424093553
933,2019-10-11,42.2977468035153
934,2019-10-12,42.457621425994546
935,2019-10-13,42.5628483030853
936,2019-10-14,42.6230154579538
937,2019-10-15,42.64859858062254
938,2019-10-16,42.65066969159812
939,2019-10-17,42.64059292927951
940,2019-10-18,42.629716134722486
941,2019-10-19,42.62906703224698
942,2019-10-20,42.64906267444602
943,2019-10-21,42.69924043838776
944,2019-10-22,42.788018236010366
945,2019-10-23,42.922490753703144
946,2019-10-24,43.108267487308275
947,2019-10-25,43.34935711953022
948,2019-10-26,43.64810143189169
949,2019-10-27,44.00516049198224
950,2019-10-28,44.41954935123571
951,2019-10-29,44.8887249721479
952,2019-10-30,45.40872062164549
953,2019-10-31,45.97432356227435
954,2019-11-01,46.57929058646323
955,2019-11-02,47.21659480955396
956,2019-11-03,47.878696197957865
957,2019-11-04,48.55782758785388
958,2019-11-05,49.24628746920885
959,2019-11-06,49.9367305843345
960,2019-11-07,50.62244742724022
961,2019-11-08,51.29762402932261
962,2019-11-09,51.95757397070678
963,2019-11-10,52.59893534950743
964,2019-11-11,53.21982645068114
965,2019-11-12,53.8199550536056
966,2019-11-13,54.40067766830378
967,2019-11-14,54.9650064556013
968,2019-11-15,55.51756312372948
969,2019-11-16,56.06448065860608
970,2019-11-17,56.61325529128776
971,2019-11-18,57.17255258896933
972,2019-11-19,57.75197293171258
973,2019-11-20,58.361782865354165
974,2019-11-21,59.012619865660966
975,2019-11-22,59.7151788783623
976,2019-11-23,60.47988958972761
977,2019-11-24,61.31659371467052
978,2019-11-25,62.234231653543596
979,2019-11-26,63.24054766220583
980,2019-11-27,64.34182220772591
981,2019-11-28,65.54263945715189
982,2019-11-29,66.84569688945169
983,2019-11-30,68.25166285820697
984,2019-12-01,69.75908659789297
985,2019-12-02,71.36436369801159
986,2019-12-03,73.06175850888677
987,2019-12-04,74.84348333584923
988,2019-12-05,76.69983267075587
989,2019-12-06,78.61936914800782
990,2019-12-07,80.5891564416383
991,2019-12-08,82.59503298297425
992,2019-12-09,84.62191921380412
993,2019-12-10,86.65415013148085
994,2019-12-11,88.6758241581285
995,2019-12-12,90.6711588965554
996,2019-12-13,92.62484413488957
997,2019-12-14,94.52238253584325
998,2019-12-15,96.35040879277909
999,2019-12-16,98.09697864362347
1000,2019-12-17,99.75181998708536
1001,2019-12-18,101.3065394194299
1002,2019-12-19,102.75477877239362
1003,2019-12-20,104.09231764763794
1004,2019-12-21,105.31711946918031
1005,2019-12-22,106.42932016816667
1006,2019-12-23,107.43116022814219
1007,2019-12-24,108.32686240695676
1008,2019-12-25,109.12245896741042
1009,2019-12-26,109.82557364921068
1010,2019-12-27,110.44516485931172
1011,2019-12-28,110.99123761043666
1012,2019-12-29,111.47453256854381
1013,2019-12-30,111.90620115560782
1014,2019-12-31,112.29747597808196
1015,2020-01-01,112.65934590502513
1016,2020-01-02,113.00224490258245
1017,2020-01-03,113.33576325061208
1018,2020-01-04,113.66838903761061
1019,2020-01-05,114.0072868742397
1020,2020-01-06,114.35811961258966
1021,2020-01-07,114.72491754249856
1022,2020-01-08,115.10999809740171
1023,2020-01-09,115.51393758322024
1024,2020-01-10,115.9355948901872
1025,2020-01-11,116.37218560544811
1026,2020-01-12,116.81940345971944
1027,2020-01-13,117.27158465821779
1028,2020-01-14,117.72190940566891
1029,2020-01-15,118.1626338739273
1030,2020-01-16,118.58534500999751
1031,2020-01-17,118.98122996704825
1032,2020-01-18,119.34135157902858
1033,2020-01-19,119.65692120117747
1034,2020-01-20,119.91956040627392
1035,2020-01-21,120.12154345437486
1036,2020-01-22,120.25601312833953
1037,2020-01-23,120.31716342795
1038,2020-01-24,120.30038371406295
1039,2020-01-25,120.20236015715975
1040,2020-01-26,120.02113173339364
1041,2020-01-27,119.75609948299996
1042,2020-01-28,119.40798925576935
1043,2020-01-29,118.97876966978833
1044,2020-01-30,118.47152845663234
1045,2020-01-31,117.89031171415442
1046,2020-02-01,117.23993179502574
1047,2020-02-02,116.52575058799036
1048,2020-02-03,115.75344576675772
1049,2020-02-04,114.9287681629945
1050,2020-02-05,114.05729874570204
1051,2020-02-06,113.14421374846822
1052,2020-02-07,112.19406627521295
1053,2020-02-08,111.21059223930766
1054,2020-02-09,110.19654776316796
1055,2020-02-10,109.15358420643386
1056,2020-02-11,108.0821658285285
1057,2020-02-12,106.98153375977479
1058,2020-02-13,105.84971849389275
1059,2020-02-14,104.68360156731607
1060,2020-02-15,103.47902550372007
1061,2020-02-16,102.23094952383991
1062,2020-02-17,100.93364699881315
1063,2020-02-18,99.58093920722538
1064,2020-02-19,98.16645868555375
1065,2020-02-20,96.68393437892782
1066,2020-02-21,95.12748993894387
1067,2020-02-22,93.49194590605364
1068,2020-02-23,91.77311617685865
1069,2020-02-24,89.96808910525571
1070,2020-02-25,88.07548382530275
1071,2020-02-26,86.09567290958859
1072,2020-02-27,84.03096327781483
1073,2020-02-28,81.88572832572879
1074,2020-02-29,79.66648552690506
1075,2020-03-01,77.38191523374468
1076,2020-03-02,75.04281802944797
1077,2020-03-03,72.66200971333235
1078,2020-03-04,70.25415478898202
1079,2020-03-05,67.83554111721512
1080,2020-03-06,65.42380014164382
1081,2020-03-07,63.037578743225644
1082,2020-03-08,60.69617028233805
1083,2020-03-09,58.419113698722676
1084,2020-03-10,56.225770620479565
1085,2020-03-11,54.13489125017429
1086,2020-03-12,52.1641803228383
1087,2020-03-13,50.329874648768616
1088,2020-03-14,48.64634365446416
1089,2020-03-15,47.12572391663327
1090,2020-03-16,45.77759795620408
1091,2020-03-17,44.60872653827094
1092,2020-03-18,43.622842436000454
1093,2020-03-19,42.82051209511679
1094,2020-03-20,42.199069920816314
1095,2020-03-21,41.75262804666217
1096,2020-03-22,41.47216248588879
1097,2020-03-23,41.34567456258847
1098,2020-03-24,41.358424528595634
1099,2020-03-25,41.49323234642956
1100,2020-03-26,41.73083881265829
1101,2020-03-27,42.05031855987966
1102,2020-03-28,42.42953505492914
1103,2020-03-29,42.84562654595538
1104,2020-03-30,43.275511034687426
1105,2020-03-31,43.69639778785289
1106,2020-04-01,44.086292669722596
1107,2020-04-02,44.42448468387679
1108,2020-04-03,44.69200155451606
1109,2020-04-04,44.87202294499078
1110,2020-04-05,44.95024098361798
1111,2020-04-06,44.915159115670086
1112,2020-04-07,44.75832188966853
1113,2020-04-08,44.474470072783646
1114,2020-04-09,44.06161742601742
1115,2020-04-10,43.52104750263349
1116,2020-04-11,42.85723090772741
1117,2020-04-12,42.077665516834045
1118,2020-04-13,41.192644141481374
1119,2020-04-14,40.21495599532182
1120,2020-04-15,39.159530006349286
1121,2020-04-16,38.04302949281389
1122,2020-04-17,36.88340893359017
1123,2020-04-18,35.699444486230306
1124,2020-04-19,34.51025051322672
1125,2020-04-20,33.33479465451542
1126,2020-04-21,32.19142392509994
1127,2020-04-22,31.09741392489447
1128,2020-04-23,30.0685525351624
1129,2020-04-24,29.118768463539546
1130,2020-04-25,28.259813717028297
1131,2020-04-26,27.501007565943052
1132,2020-04-27,26.849047854363683
1133,2020-04-28,26.307893662199326
1134,2020-04-29,25.878721382022302
1135,2020-04-30,25.559954294088264
1136,2020-05-01,25.347363759856545
1137,2020-05-02,25.234238261653555
1138,2020-05-03,25.211614745074392
1139,2020-05-04,25.26856511884202
1140,2020-05-05,25.392529376821553
1141,2020-05-06,25.56968566492183
1142,2020-05-07,25.785346750788975
1143,2020-05-08,26.0243717878924
1144,2020-05-09,26.271582010130842
1145,2020-05-10,26.512169052810624
1146,2020-05-11,26.732084965289516
1147,2020-05-12,26.918403646572035
1148,2020-05-13,27.05964437571549
1149,2020-05-14,27.1460492948263
1150,2020-05-15,27.169808097866326
1151,2020-05-16,27.125224742041894
1152,2020-05-17,27.008822684428768
1153,2020-05-18,26.819386906044798
1154,2020-05-19,26.557942768554465
1155,2020-05-20,26.227673504664597
1156,2020-05-21,25.833779823070223
1157,2020-05-22,25.383286665978552
1158,2020-05-23,24.8848035495765
1159,2020-05-24,24.348246107722034
1160,2020-05-25,23.784527415920767
1161,2020-05-26,23.20522837197619
1162,2020-05-27,22.622256835299574
1163,2020-05-28,22.047505370147565
1164,2020-05-29,21.492517299065682
1165,2020-05-30,20.968170359200297
1166,2020-05-31,20.484386581652934
1167,2020-06-01,20.04987610579876
1168,2020-06-02,19.67192152562825
1169,2020-06-03,19.356208079141403
1170,2020-06-04,19.106703573823026
1171,2020-06-05,18.925590434571376
1172,2020-06-06,18.81325070974537
1173,2020-06-07,18.768303322122136
1174,2020-06-08,18.787691349449446
1175,2020-06-09,18.866815707083298
1176,2020-06-10,18.999710322726436
1177,2020-06-11,19.179252776266175
1178,2020-06-12,19.39740345633266
1179,2020-06-13,19.645465583580716
1180,2020-06-14,19.91435798637928
1181,2020-06-15,20.19489229740335
1182,2020-06-16,20.47804627261847
1183,2020-06-17,20.755225212335205
1184,2020-06-18,21.01850397550177
1185,2020-06-19,21.260842804610974
1186,2020-06-20,21.47627109445151
1187,2020-06-21,21.660034313465165
1188,2020-06-22,21.808700486801893
1189,2020-06-23,21.920223937849993
1190,2020-06-24,21.99396531958415
1191,2020-06-25,22.030668308071135
1192,2020-06-26,22.032394636969403
1193,2020-06-27,22.0024203851475
1194,2020-06-28,21.94509755311193
1195,2020-06-29,21.865685945307362
1196,2020-06-30,21.770161186854338
1197,2020-07-01,21.665005322336928
1198,2020-07-02,21.55698685499205
1199,2020-07-03,21.4529372772131
1200,2020-07-04,21.359531114955068
1201,2020-07-05,21.28307626336413
1202,2020-07-06,21.22932093928373
1203,2020-07-07,21.203282935055523
1204,2020-07-08,21.20910604962105
1205,2020-07-09,21.24994762486181
1206,2020-07-10,21.327900058478757
1207,2020-07-11,21.443948034249097
1208,2020-07-12,21.59796204225697
1209,2020-07-13,21.78872759301999
1210,2020-07-14,22.014008396939275
1211,2020-07-15,22.270640719600365
1212,2020-07-16,22.554655166770583
1213,2020-07-17,22.86142132965788
1214,2020-07-18,23.185810055805025
1215,2020-07-19,23.522367623349155
1216,2020-07-20,23.865495800162947
1217,2020-07-21,24.209631672045553
1218,2020-07-22,24.549421227031033
1219,2020-07-23,24.87988098091302
1220,2020-07-24,25.196542410988393
1221,2020-07-25,25.495574613815037
1222,2020-07-26,25.77388139627925
1223,2020-07-27,26.02916992071109
1224,2020-07-28,26.259989024062275
1225,2020-07-29,26.465736384966736
1226,2020-07-30,26.646634786763205
1227,2020-07-31,26.80367878370899
1228,2020-08-01,26.938554087562242
1229,2020-08-02,27.05353291940984
1230,2020-08-03,27.151349387193267
1231,2020-08-04,27.235059626284162
1232,2020-08-05,27.30789195671685
1233,2020-08-06,27.373092649816687
1234,2020-08-07,27.433773047467685
1235,2020-08-08,27.492763734613693
1236,2020-08-09,27.552481230511
1237,2020-08-10,27.61481224456614
1238,2020-08-11,27.68101995119428
1239,2020-08-12,27.751675994107817
1240,2020-08-13,27.826621057474597
1241,2020-08-14,27.90495586739529
1242,2020-08-15,27.985063443545613
1243,2020-08-16,28.06466234103742
1244,2020-08-17,28.140889541773205
1245,2020-08-18,28.21041060767384
1246,2020-08-19,28.269553729517003
1247,2020-08-20,28.314463426907214
1248,2020-08-21,28.341268906355527
1249,2020-08-22,28.346261490830653
1250,2020-08-23,28.32607511606467
1251,2020-08-24,28.27786366141664
1252,2020-08-25,28.199468855448394
1253,2020-08-26,28.08957267159269
1254,2020-08-27,27.947828503950625
1255,2020-08-28,27.77496597768696
1256,2020-08-29,27.572864987040912
1257,2020-08-30,27.344595445299504
1258,2020-08-31,27.09442024902584
1259,2020-09-01,26.827760072884086
1260,2020-09-02,26.551119788014127
1261,2020-09-03,26.27197749998752
1262,2020-09-04,25.998638395050097
1263,2020-09-05,25.740056728300807
1264,2020-09-06,25.505630348865992
1265,2020-09-07,25.304973101146786
1266,2020-09-08,25.14767123734762
1267,2020-09-09,25.04303059861227
1268,2020-09-10,24.999821748844642
1269,2020-09-11,25.026030461401326
1270,2020-09-12,25.128620955064576
1271,2020-09-13,25.31331904946113
1272,2020-09-14,25.584421965622546
1273,2020-09-15,25.944640845272584
1274,2020-09-16,26.39498122008933
1275,2020-09-17,26.934665652436358
1276,2020-09-18,27.56110162032028
1277,2020-09-19,28.269896464268882
1278,2020-09-20,29.054919888663818
1279,2020-09-21,29.908413153450283
1280,2020-09-22,30.821142743860825
1281,2020-09-23,31.782595005973686
1282,2020-09-24,32.78120702340834
1283,2020-09-25,33.804627921707684
1284,2020-09-26,34.840003855430126
1285,2020-09-27,35.874279187319274
1286,2020-09-28,36.894505832721094
1287,2020-09-29,37.888152433187074
1288,2020-09-30,38.84340495195986
1289,2020-10-01,39.74945045459286
1290,2020-10-02,40.59673624733088
1291,2020-10-03,41.37719718386812
1292,2020-10-04,42.084444800631566
1293,2020-10-05,42.71391297859986
1294,2020-10-06,43.262956026697424
1295,2020-10-07,43.73089640435144
