,Unnamed: 0,full_date,1,2,3,4,5,6,7,8,9,10,11,12,13,14,15,16,17,18,19,20,104,105,106,108,3269728,4372603,4438736,4439094,4439475,5901326,5917712,7723955,30369354,34703847,36200067,36671067,37052366,38834077,39168240,39379024,Grand Total,nan_percentage
1070,1070,2020-03-01,,88.72769409038239,,64.31122088920254,58.22007722007722,63.23017543859649,196.13718662952647,,60.063503140265176,,,32.16364902506964,,87.77870563674321,,111.74703004891684,,55.04189944134078,,218.19624217119,65.22322670375522,,,86.98011363636364,70.96491228070175,,,,,,,,,,,,,65.60422740524781,,,88.2926575838253,56.81818181818182
1071,1071,2020-03-02,,32.32098765432099,,24.468884120171676,25.3723034098817,25.632567849686847,152.99587118084227,,23.6219426974144,,,22.0197461212976,,44.72423398328691,,82.020964360587,,35.93706293706294,,173.6107242339833,21.27576601671309,,,47.36138613861386,52.79173838209983,,,,,,42.16276041666666,,,,,,,27.26235465116279,,,52.098705884612,54.54545454545454
1072,1072,2020-03-03,,39.26905829596413,,34.31968295904888,20.745987438939288,27.05362116991644,44.3973556019485,,34.706415620641565,,,40.30264993026499,,37.17852161785216,,33.64985994397759,,27.946554149085795,,37.879610299234514,27.27070285316632,,,32.30872959545777,50.208510638297874,,,,,,31.061472480343102,,,,,,,30.550185873605948,,,34.303057404234046,54.54545454545454
1073,1073,2020-03-04,,70.81224489795919,,47.60361718161266,37.97979094076655,41.69867780097425,64.76532033426184,,60.42358688066992,,,59.27924791086351,,59.943396226415096,,47.82244318181818,,49.279102384291726,,48.30201809324983,45.76757132915797,,,45.53182461103253,56.151009046624914,,,,,,48.55285714285714,,,,,,,51.939194139194136,,,52.24074388135934,54.54545454545454
1074,1074,2020-03-05,,61.52198316183349,,54.2984375,43.35636363636364,44.20975609756098,119.5891364902507,,51.23930131004367,,,44.51430615164521,,70.49721835883172,,63.182833217027216,,49.52835606604451,,104.2839248434238,47.72063933287005,,,54.82508960573477,53.89852941176471,,,,,,49.44380816034359,,,,,,,53.09135004042037,,,60.325064586509896,54.54545454545454
1075,1075,2020-03-06,,30.64019448946516,,34.818250950570345,,24.46336357292393,52.21912072575017,,24.406578026592022,,,26.574319609211443,,36.345644599303135,,24.665734265734265,,25.74493361285814,,34.27057182705718,24.26411149825784,,,24.6485693323551,31.122720897615707,,,,,,24.407942238267147,,,,,,,23.205967976710333,,,29.453201574844798,56.81818181818182
1076,1076,2020-03-07,,34.954070981210855,,28.388826815642457,,24.721140472879,30.446453407510432,,35.47075208913649,,,34.19596942321056,,28.63604732080724,,14.572065378900446,,45.70459363957597,,16.86578581363004,25.84016678248784,,,20.694209039548024,33.27272727272727,,,,,,32.7763440860215,,,,,,,23.04005826656956,,,28.63861405265717,56.81818181818182
1077,1077,2020-03-08,,65.32410779315367,,46.27434944237918,,44.23210562890896,71.92623521224773,,54.48295059151009,,,42.78357689631176,,69.07023643949931,,36.40620592383639,,58.57853403141361,,52.160863509749305,50.45271210013908,,,43.66004258339248,68.0909090909091,,,,,,54.22668579626973,,,,,,,54.759941089838,,,54.16196374197056,56.81818181818182
1078,1078,2020-03-09,,76.95603576751118,,66.23882681564245,,51.54381084840056,107.35017793594308,,59.0570281124498,,,54.46866295264624,,72.43284620737649,,58.39413919413919,,46.57300073367571,,85.7792479108635,54.58344923504868,,,64.13111268603826,64.52331245650662,,,,,,55.442433019551046,,,,,,,62.40583941605839,,,65.32532821945674,56.81818181818182
1079,1079,2020-03-10,,35.33052434456929,,47.63372956909361,,31.66133518776078,81.37186629526462,,,,,37.51913709116214,,39.935483870967744,,41.245993031358886,,27.025035765379112,,75.38343771746695,31.300417246175243,,,34.31254429482637,40.0466573816156,,,,,,34.48789173789174,,,,,,,34.07016248153619,,,42.2374440010763,59.09090909090909
1080,1080,2020-03-11,,29.36509090909091,,36.74632637277649,,25.423799582463467,72.63275261324041,,33.98618784530387,,,29.098954703832757,,40.97053726169844,,46.662717770034845,,25.054634146341463,,86.8983286908078,22.51424600416956,,,28.188210227272727,31.333798882681563,,,,,,29.78800856531049,,,,,,,26.94524714828897,,,37.70725604822092,56.81818181818182
1081,1081,2020-03-12,,60.23045602605863,,49.100628930817614,,42.45783972125435,76.70292207792208,,49.88865398167724,,,41.06559665038381,,61.37395543175487,,61.833449965010495,,50.15112994350282,,79.85525400139178,46.85933147632312,,,54.28551136363637,55.03765690376569,,,,,,43.06167979002625,,,,,,,51.83271375464684,,,54.9157853345448,56.81818181818182
1082,1082,2020-03-13,,47.94711203897008,,38.14568599717114,52.41348973607038,36.29881862404447,99.73991655076496,,44.131101813110185,,,41.45309242529535,,89.15873015873017,,50.74773519163763,,43.67548248749107,,63.90890125173853,40.74565670604586,,,78.77754086709311,48.92334494773519,,,,,,,,,,,,,45.43311160384331,,,54.76664802664941,56.81818181818182
1083,1083,2020-03-14,,47.01083032490975,,38.94692144373673,36.36812804453723,36.6808066759388,123.92837273991655,,40.03556485355649,,,34.33936022253129,,,,64.99077733860342,,48.2806012884753,,95.32753824756608,38.10006949270327,,,51.805259417199714,45.12822299651568,,,,,,,,,,,,,42.52377468910022,,,53.1047305553779,59.09090909090909
1084,1084,2020-03-15,,52.59323254139669,,50.9873417721519,45.14365411436541,41.21533101045296,158.54425087108015,,44.12229210342418,,,39.98813677599442,,42.23384615384615,,103.57840236686393,,59.08111888111888,,136.5268292682927,46.962290502793294,,,81.21946022727273,50.07531380753138,,,,,,,,,,,,,47.053715967623255,,,66.6216810909472,56.81818181818182
1085,1085,2020-03-16,,37.8983286908078,,36.84244144783534,28.978427279053584,28.050174216027877,144.5883171070932,,28.652536483669216,,,24.36522346368715,,34.33215297450425,,80.76323119777159,,30.52937062937063,,119.56228253305495,28.93606671299513,,,48.14861995753716,24.51486988847584,,,,,,,,,,,,,29.637370753323484,,,48.38662755568048,56.81818181818182
1086,1086,2020-03-17,,22.91104294478528,,28.85432793807178,21.450174216027875,17.069808027923212,99.37952646239556,,16.875087719298246,,,16.81028492008339,,26.74200278164117,,60.61924686192469,,19.83205574912892,,56.65646731571627,13.33,,,35.292142857142856,,,,,,,,,,,,,,19.85131195335277,,,32.54810569624942,59.09090909090909
1087,1087,2020-03-18,,36.93433544303797,,33.53991291727141,30.475626740947074,30.4321503131524,54.82914923291492,,33.25387870239774,,,29.273106323836,,38.10721247563353,,33.61366806136681,,37.82475660639778,,34.8373870743572,,,,34.00566171266808,46.78558225508318,,,,,,,,,,,,,33.18296296296296,,,36.221099344430506,59.09090909090909
1088,1088,2020-03-19,,42.05345211581292,,35.73757763975155,32.34585942936673,33.61254355400697,55.780945757997216,,39.25523012552301,,,35.508356545961,,,,37.14146341463415,,38.11142654364798,,40.65831593597773,,,,37.09318996415771,43.25173852573018,,,,,,,,,,,,,38.675912408759125,,,39.17123168933279,61.36363636363637
1089,1089,2020-03-20,,51.85883620689656,,43.0190812720848,31.66179540709812,37.94232105628909,71.71210013908205,,46.70779220779221,,,42.32753824756606,,,,37.22253129346314,,48.32147838214784,,44.88186240444753,67.73181818181818,,,38.07158043940468,49.80097425191371,,,,,,,,,,,,,44.824981844589686,,,46.86319223818526,59.09090909090909
1090,1090,2020-03-21,,40.6,,39.181981981981984,34.11691022964509,34.9401530967293,85.52855153203343,,26.790097629009765,,,20.539263377345375,,,,53.27319211102995,,37.98115840893231,,86.526791927627,35.46903270702853,,,42.36785714285714,40.42559109874826,,,,,,,,,,,,,35.82733284349743,,,43.82627957760468,59.09090909090909
1091,1091,2020-03-22,,20.00668647845468,,44.83495145631068,12.103616133518775,14.734353268428372,33.0,,18.66178521617852,,,15.424094707520892,,,,13.986072423398328,,19.30337078651685,,52.51567944250871,17.16133518776078,,,16.223328591749645,17.930118798043328,,,,,,,,,,,,,16.157474600870827,,,22.28877622080432,59.09090909090909
1092,1092,2020-03-23,,42.33170731707317,,38.73776479181885,21.57609451007644,24.177329624478443,34.468989547038326,,37.9937106918239,,,40.74599860821155,,,,16.15598885793872,,33.662299854439595,,20.340529247910865,32.00696378830084,,,31.284082798001428,34.33310104529617,,,,,,,,,,,,,32.86836363636364,,,31.477351737055137,59.09090909090909
1093,1093,2020-03-24,,25.811281337047355,,32.54723926380368,14.607938718662952,16.193165969316595,26.709449929478136,,24.4124649859944,,,33.19568245125348,,,,16.97689075630252,,21.777464788732395,,18.482254697286013,18.993741307371348,,,17.34867002156722,23.406532314107015,,,,,,,,,,,,,18.94759825327511,,,22.100741056728445,59.09090909090909
1094,1094,2020-03-25,,45.00698812019567,,,24.73504867872045,27.986091794158558,54.79520697167756,,43.76619718309859,,,49.888734353268426,,,,22.93016759776536,,45.11087866108787,,33.86151704940849,34.23002084781098,,,38.04996096799376,38.528839471855456,,,,,,,,,,,,,36.70138383102695,,,38.12238734831293,61.36363636363637
1095,1095,2020-03-26,,45.10147783251232,,,38.13152400835073,37.535838552540014,80.53076923076924,,42.77132867132867,,,38.528511821974966,,,,46.83251576734408,,37.30710306406685,,79.47662247034194,38.03061934585943,,,44.0894495412844,46.64275766016713,,,,,,50.73953488372093,,,,,,,42.90282813633068,,,47.75863435618509,59.09090909090909
1096,1096,2020-03-27,,62.62352941176471,,53.140845070422536,47.0326842837274,46.17849223946785,213.16357504215853,,55.0440251572327,,,46.94150417827298,,87.82251082251082,,71.46536039188244,,58.91422594142259,,125.16922005571033,47.1525069637883,,,58.03030303030303,60.79776847977685,,,,,,49.76642857142857,,,,,,,54.45757795503988,,,71.10628484968184,54.54545454545454
1097,1097,2020-03-28,,46.07415254237288,,36.381864623243935,35.379958246346554,30.288198757763976,107.38065414057064,,40.37099023709902,,,38.24008350730689,,44.42270194986072,,48.72396925227114,,44.4787456445993,,66.30849582172702,33.848885793871865,,,,40.63022284122562,,,,,,37.06681034482759,,,,,,,38.25853304284677,,,45.8569511163956,56.81818181818182
1098,1098,2020-03-29,,33.568981921979066,,29.934188034188036,21.93249826026444,22.557491289198605,50.57316148597423,,54.14985994397759,,,26.600278551532032,,34.345618915159946,,22.250350631136044,,37.74146341463415,,27.4,23.38038942976356,,,,30.165853658536584,,,,,,27.37012987012987,,,,,,,26.169085631349784,,,31.20929006918826,56.81818181818182
1099,1099,2020-03-30,,41.44245524296675,,38.52412769116555,35.17524339360222,34.372466806429074,76.28654124457309,,48.0524109014675,,,32.93393602225313,,51.76826722338205,,43.90021849963584,,42.00835073068894,,67.87195546276966,31.34190410006949,,,31.128010139416983,41.3894297635605,,,57.7437641723356,,,36.044508255563535,,,,,,,36.19869470630892,,,43.89307555036407,52.27272727272727
1100,1100,2020-03-31,,44.56580050293378,,39.56931738212526,33.45080251221214,33.73794549266248,85.3224155578301,,43.06345733041576,,,35.81792911744267,,50.143849895760944,,48.51222921034242,,42.6279554937413,,85.85355648535565,33.64836692147325,,,36.737827715355806,44.06815020862309,,,59.17176702862784,,,39.17992831541218,,,,,,,37.16375545851528,,,46.62559144875471,52.27272727272727
1101,1101,2020-04-01,,33.498257839721255,,39.236566643405446,29.157381615598887,27.863921842288903,75.75591216216216,,37.56657223796034,,,26.9526791927627,,40.58954703832752,,39.08850174216028,,33.698668535388926,,49.24512534818942,30.16774891774892,,,29.7543391188251,35.381350034794714,,,46.972623574144485,,,30.966524216524217,,,,,,,29.445421245421244,,,37.37300831208379,52.27272727272727
1102,1102,2020-04-02,,14.213362068965518,,29.422809457579973,15.865879082696315,12.446466060181946,49.84604519774011,,13.29624060150376,,,10.462665736217724,,19.40041782729805,,27.505923344947732,,15.011126564673155,,30.501396648044693,,,,31.93342776203966,15.259207783182768,,23.24604966139955,44.52699784017279,,,15.335014409221902,,,,,,,13.34402332361516,,,22.44806196291064,52.27272727272727
1103,1103,2020-04-03,,43.302850356294535,,45.06507592190889,41.54912891986063,33.14275766016713,68.19665271966527,,35.11677115987461,,,24.64603616133519,,45.48678720445063,,33.47138700290979,,31.172701949860723,,50.71807397069086,,,,46.224489795918366,43.15299026425591,,,51.123,,,36.01941049604601,,,,,,,39.59796806966618,,,41.74913010330655,54.54545454545454
1104,1104,2020-04-04,,26.478357380688124,,33.67877492877493,21.470383275261323,18.110724233983287,115.79817799579536,,20.58239436619718,,,12.47350069735007,,24.62656467315716,,128.03846153846155,,20.271080139372824,,72.70801393728223,,,,43.869565217391305,22.85316631871956,,,,,,20.07979870596693,,,,,,,19.16255442670537,,,40.01343452234048,56.81818181818182
1105,1105,2020-04-05,,12.556626506024095,,26.904795486600847,16.9191637630662,15.903270702853169,96.1986013986014,,15.072727272727272,,,12.96590118302018,,19.67919276270007,,56.74826147426982,,19.48539638386648,,94.45850914205344,,,,,19.750696378830085,,,,,,15.401423487544484,,,,,,,12.168141592920351,,,31.015193395362704,59.09090909090909
1106,1106,2020-04-06,,22.16732128829537,,26.57828810020877,18.703413940256045,17.312130177514792,41.05296167247387,,26.01262272089761,,,23.01808066759388,,23.596796657381617,,20.71717877094972,,33.33936022253129,,23.35055865921788,,,,23.126262626262623,22.869230769230768,48.686679174484055,,,49.80260303687636,,20.353323699421967,,,,,,,20.479151426481344,,,27.12740962412224,52.27272727272727
1107,1107,2020-04-07,,24.74481865284974,,31.328631875881523,23.145150034891834,22.57263157894737,76.41562064156206,,26.665462427745663,,,22.723537604456823,,29.591510090466247,,28.5398293029872,,21.31227566403446,,47.02176966292135,23.928571428571427,,,26.57347670250896,30.064066852367688,39.59087719298245,,,37.47829131652661,,23.47440519105984,,,,,,,22.10139603232917,,,30.959573458505027,50.0
1108,1108,2020-04-08,,34.336236933797906,,35.22641509433962,24.26437587657784,19.569922698524245,28.36115007012623,,24.095204513399157,,,24.03714085494044,,31.395511921458624,,23.86085626911315,,28.348142164781905,,18.06245614035088,27.40266106442577,,,29.384361233480178,28.664543524416136,32.14296187683284,57.21917808219178,52.41860465116279,28.86035087719298,,24.981962481962483,,,,,,,27.02779809802487,,,29.98299172135499,45.45454545454545
1109,1109,2020-04-09,,19.18948655256724,,32.55185185185185,14.457956914523974,13.369519832985386,29.758524704244955,,7.230063514467184,,,11.001391788448156,,24.826722338204597,,16.36787204450626,,40.44281729428173,,18.43910925539318,12.559109874826149,,,18.261958997722097,14.48712595685456,43.43624161073826,16.739831697054697,9.203201113430758,21.84765897973445,,14.822931785195935,,,,,,,12.55119825708061,,,19.5772287182056,45.45454545454545
1110,1110,2020-04-10,,23.02708803611738,,26.72192513368984,25.055013927576603,23.79415855354659,65.33194154488518,,25.951971326164877,,,22.665970772442588,,33.58651841556637,,30.100208768267223,,26.71309192200557,,48.81589958158996,22.48714384989576,,,32.47977528089888,29.04798331015299,37.81305398871878,33.87464387464387,10.148617511520737,38.32496513249652,,25.31735657225853,,,,,,,24.51244509516837,,,30.288488629880327,45.45454545454545
1111,1111,2020-04-11,,49.1656652360515,,,44.38664812239221,42.34634146341463,102.65279770444764,,41.1953125,,,27.386648122392213,,56.81976339596381,,57.51149825783972,,42.813630041724615,,76.88803894297635,46.65184155663656,,,,52.06054279749478,86.95667365478687,51.380844645550525,54.88076311605723,76.87977762334955,,39.879737609329446,,,,,,,44.60174418604651,,,55.24768160980301,50.0
1112,1112,2020-04-12,,27.644644644644643,,,30.16329378925332,24.99373259052925,103.31386347642506,,21.33284349742836,,,18.68732590529248,,36.60125260960334,,40.60878661087866,,26.067642956764296,,71.53277545327755,21.68963117606124,,,,25.858733472512174,73.23300283286119,51.75409836065574,4.875930521091812,70.71418636995827,,22.73813056379822,,,,,,,23.923809523809524,,,38.65187135304696,50.0
1113,1113,2020-04-13,,29.8125,,,22.408077994428968,18.57997218358832,57.95755045233125,,21.414440433212995,,,22.421418636995828,,26.89213639526792,,21.31450488145049,,24.25581395348837,,29.448155880306192,21.004172461752432,,,20.73612823674476,24.943632567849686,36.04741980474198,28.784122562674096,17.920398009950247,30.278859527121,,20.851608187134502,,,,,,,21.739636363636365,,,26.14792360698292,47.72727272727273
1114,1114,2020-04-14,,26.12087139845397,,32.02771362586605,22.06189151599444,17.65247732030705,27.810152990264257,,20.56810162314749,,,20.919636617749827,,23.809192200557103,,18.58344923504868,,15.511921458625526,,19.89191073919108,21.445372303409883,,,23.293659621802004,25.081255028157685,30.96575821104123,23.422594142259413,22.323722149410223,24.676117775354417,,19.94338235294118,,,,,,,21.009495982468955,,,22.855933814602523,45.45454545454545
1115,1115,2020-04-15,,20.7749,,,11.9237,10.1029,17.6446,,5.08389,,,11.9013,,12.3892,,10.4351,,9.03807,,8.67542,7.89566,,,17.8772,12.3735,18.314,15.9393,,13.6632,,12.0641,,,,,,,12.6797,,,12.709763333333337,50.0
1116,1116,2020-04-16,,32.3628,,,29.5442,22.851,52.5528,,26.3824,,,20.8534,,33.3905,,24.366,,28.449,,31.4624,,,,26.0938,31.3213,45.911,34.2865,,44.1509,,25.1163,,,,,,,30.8369,,,31.76065882352941,52.27272727272727
1117,1117,2020-04-17,,46.9652,,,33.6574,28.7851,79.7738,,39.7122,,,27.5164,,42.9277,,72.1913,,36.106,,69.4909,,,,38.9249,35.3846,69.3504,41.087,,49.44,,30.3343,,,,,,,33.152,,,45.57642352941178,52.27272727272727
1118,1118,2020-04-18,,17.8416,,,11.3295,11.3573,65.3583,,12.8764,,,10.1332,,15.2788,,,,9.25252,,30.3491,,,,,14.5846,36.8409,8.63782,4.54255,24.4513,,10.6563,,,,,,,10.0399,,,18.345630625,54.54545454545454
1119,1119,2020-04-19,,19.78,,,14.97,11.61,59.66,,17.84,,,14.18,,17.36,,35.83,,15.47,,47.36,,,,,15.79,55.05,21.52,,29.88,,15.04,,,,,,,12.69,,,25.251875,54.54545454545454
1120,1120,2020-04-20,,18.79,,,15.55,12.16,42.24,,14.52,,,13.77,,21.32,,25.92,,14.88,,51.11,,,,17.49,16.74,39.37,18.31,,30.11,,15.83,,,,,,,13.65,,,22.45647058823529,52.27272727272727
1121,1121,2020-04-21,,31.11,,,21.89,16.54,59.25,,19.62,,,20.67,,25.04,,26.15,,22.33,,45.15,,,,24.03,23.56,38.86,24.73,,28.99,,22.64,,,,,,,20.58,,,27.714117647058824,52.27272727272727
1122,1122,2020-04-22,,12.43,,,12.85,8.17,47.27,,10.76,,,10.38,,13.0,,20.77,,10.59,,28.1,,,,16.93,11.62,33.25,12.64,,19.62,,11.93,,,,,,,10.01,,,17.07764705882353,52.27272727272727
1123,1123,2020-04-23,,12.96,,,14.56,8.21,54.18,,8.49,,,8.35,,12.6,,19.94,,10.56,,43.79,,,,13.95,11.18,34.49,12.34,,23.91,,11.67,,,,,,,6.93,,,18.124117647058824,52.27272727272727
1124,1124,2020-04-24,,12.34,,,13.47,7.53,38.34,,7.66,,,6.6,,15.76,,27.02,,12.1,,28.43,,,,13.59,9.76,28.33,12.31,,22.73,,8.74,,,,,,,7.72,17.0,,16.079444444444444,50.0
1125,1125,2020-04-25,,20.32,,,17.01,11.48,30.36,,16.25,,,19.55,,21.14,,13.5,,13.01,,,20.34,,,13.52,16.82,22.82,17.9,,20.21,,14.72,,,,,,,14.35,23.79,,18.17166666666667,50.0
1126,1126,2020-04-26,,31.25,,,23.97,19.55,44.86,,26.99,,,26.42,,31.67,,20.86,,19.2,,,24.85,,,14.15,26.06,41.78,16.01,11.5,32.32,,23.7,,,,,,,23.72,38.16,,26.158947368421053,47.72727272727273
1127,1127,2020-04-27,,28.74,,,23.04,21.49,39.59,,23.45,,,19.18,,32.07,,,,22.22,,,25.08,,,27.3,28.53,44.19,,,36.84,,24.9,,,,,,,22.78,59.92,,29.9575,54.54545454545454
1128,1128,2020-04-28,,17.52,,,11.46,12.1,25.19,,8.35,,,8.78,,16.09,,6.55,,10.93,,,12.65,,,15.82,15.34,28.68,,,19.29,,11.26,,,,,,,9.38,40.63,,15.883529411764703,52.27272727272727
1129,1129,2020-04-29,,13.94,,,10.02,6.98,46.42,,9.82,,,8.34,,13.81,,8.83,,11.76,,,10.45,,,9.98,9.29,13.64,,,15.31,,7.9,,,,1.73,,,7.15,16.32,,12.316111111111107,50.0
1130,1130,2020-04-30,,15.47,,,9.04,7.23,28.1,,6.59,,,8.31,,9.71,,17.52,,7.3,,,6.22,,,6.5,8.3,18.78,,,12.07,,6.87,,,,1.0,,,5.76,31.79,,11.475555555555555,50.0
1131,1131,2020-05-01,,15.23,,,11.97,6.98,37.06,,7.88,,,9.09,,16.99,,13.21,,9.85,,,7.46,,,5.64,9.31,25.57,,,16.05,,7.19,,,,,,,7.24,25.33,,13.65,52.27272727272727
1132,1132,2020-05-02,,25.78,,,19.1,17.58,73.12,,17.0,,,16.63,,31.24,,27.47,,17.84,,,19.87,,,,20.95,44.35,,,35.55,,18.96,,,,,,,17.87,52.6,,28.494375,54.54545454545454
1133,1133,2020-05-03,,20.08,,,12.62,7.73,37.73,,10.04,,,10.46,,14.48,,13.94,,8.32,,,9.05,,,,10.48,22.49,,,16.7,,9.0,,,,17.58,,,8.41,25.69,,14.988235294117644,52.27272727272727
1134,1134,2020-05-04,,13.59,,,7.13,4.7,26.78,,4.06,,,7.08,,10.17,,29.33,,7.92,,,5.61,,,4.34,4.7,8.38,,,9.3,,6.38,,,,14.71,,,6.12,17.07,,10.409444444444446,50.0
1135,1135,2020-05-05,,25.83,,,12.0,10.11,25.17,,14.18,,,14.53,,,,10.92,,15.8,,,10.01,,,8.93,,19.44,,,17.93,,12.32,,12.25,,14.46,,,10.48,17.82,,14.834117647058822,52.27272727272727
1136,1136,2020-05-06,,17.15,,,13.45,11.35,21.5,,12.64,,,13.33,,,,11.67,,11.79,,,10.19,,,9.85,,24.71,,,20.95,,,,11.99,,19.03,,,11.88,19.8,,15.08,54.54545454545454
1137,1137,2020-05-07,,22.75,,,17.28,14.15,37.07,,15.1,,,17.84,,,,15.14,,17.57,,,13.17,,,,,33.68,,,26.2,,,,15.53,,27.43,,,14.28,41.68,,21.924666666666663,56.81818181818182
1138,1138,2020-05-08,,15.91,,,6.37,18.62,27.32,,7.78,,,6.1,,,,23.16,,7.64,,,5.8,,,,,17.98,14.76,,12.91,,,,7.57,,15.55,,,6.21,26.6,,13.767499999999998,54.54545454545454
1139,1139,2020-05-09,,10.23,,,9.18,7.43,21.02,,12.79,,,8.92,,,,9.22,,8.75,,,6.68,,,,,17.21,10.1,,11.33,,,,8.51,,13.74,,,6.41,17.52,,11.19,54.54545454545454
1140,1140,2020-05-10,,14.3,,,12.81,12.63,30.18,,10.69,,,11.12,,,,17.17,,10.79,,,13.71,,,,17.33,28.42,18.38,,,,,,15.68,,29.26,,,10.81,28.7,,17.62375,54.54545454545454
1141,1141,2020-05-11,,15.66,,,9.31,6.81,24.44,,6.11,,,7.38,,,,20.01,,8.26,,,7.15,,,11.15,8.83,19.18,3.66,,20.55,,,,8.55,,19.66,,,6.24,19.56,,12.36166666666667,50.0
1142,1142,2020-05-12,,13.73,,,10.82,8.74,29.16,,8.75,,,12.26,,,,18.26,,6.14,,,9.32,,,8.35,11.8,48.21,,,23.06,,,,10.52,,20.46,,,8.19,24.02,,15.98764705882353,52.27272727272727
1143,1143,2020-05-13,,13.55,,,12.54,9.94,24.29,,9.61,,,7.98,,,,16.05,,8.89,,,7.74,,,16.47,10.82,45.65,14.78,,16.89,,,,8.8,,19.82,,,7.17,24.4,,15.299444444444443,50.0
1144,1144,2020-05-14,,21.29,,,18.64,11.5,24.0,,15.37,,,16.61,,,,12.88,,15.89,,,,,,13.27,15.84,21.04,14.76,,17.48,,,26.91,16.25,,17.46,,,13.06,19.31,,17.308888888888887,50.0
1145,1145,2020-05-15,,12.26,,,6.47,5.93,19.47,,9.61,,,6.29,,,,5.08,,9.29,,,,,,6.22,9.71,39.97,12.1,,11.9,,,2.01,5.98,,13.98,,,5.91,21.86,,11.335555555555551,50.0
1146,1146,2020-05-16,,36.66,,,19.07,18.19,44.28,,23.13,,,18.16,,,,,,20.34,,,,,,36.94,24.81,45.64,33.45,,36.23,,,,22.23,,32.3,,,19.36,43.12,,29.619375000000005,54.54545454545454
1147,1147,2020-05-17,9.0,28.34,,,18.39,14.07,36.13,,18.9,,,17.92,,,,,,12.27,,,,,,15.16,20.97,30.44,18.98,,19.08,,,,19.38,,23.87,,,17.49,29.8,,20.59941176470588,52.27272727272727
1148,1148,2020-05-18,,24.67,,,16.66,14.02,37.77,,20.64,,,20.68,,,,,,18.18,,,,,,15.23,20.18,29.52,18.87,,22.13,,,24.08,18.41,,26.69,,,14.68,32.06,,22.027647058823533,52.27272727272727
1149,1149,2020-05-19,,27.51,,,8.38,8.7,19.06,,5.77,,,10.08,,,,22.5,,6.61,,,6.65,,,8.98,9.32,22.24,13.81,,14.37,,6.48,13.05,8.31,,16.16,,,7.14,18.86,,12.699000000000002,45.45454545454545
1150,1150,2020-05-20,,25.56,,,10.96,8.54,36.92,,8.81,,,8.38,,,,15.22,,10.95,,,10.06,,,9.22,12.35,21.55,13.79,,21.62,,9.28,,11.28,,22.3,,,9.38,31.87,,15.686315789473682,47.72727272727273
1151,1151,2020-05-21,,24.3,,,15.38,11.59,47.99,,7.37,,,12.69,,,,17.27,,16.77,,,13.04,,,11.59,16.31,27.44,29.18,,25.58,,14.16,,14.61,,30.39,,,12.63,50.16,,20.97105263157895,47.72727272727273
1152,1152,2020-05-22,,17.58,,,11.11,6.59,30.31,,8.21,,,8.72,,,,16.74,,14.07,,,7.88,,,8.7,10.11,17.86,,,15.47,,9.65,,9.03,,17.86,,,7.56,24.92,,13.465,50.0
1153,1153,2020-05-23,,15.56,,,7.15,7.41,43.05,,7.67,,,8.33,,,,17.21,,9.67,,,7.69,,,28.06,12.05,25.19,12.78,,18.66,,9.77,,9.38,,21.96,,,7.36,39.81,,16.25052631578947,47.72727272727273
1154,1154,2020-05-24,,11.16,,,7.36,7.79,35.11,,7.52,,,7.32,,,,17.47,,5.96,,,7.48,,,10.29,11.05,33.7,11.9,,21.8,,9.35,,9.25,,19.62,,,7.09,34.59,,14.516315789473683,47.72727272727273
1155,1155,2020-05-25,,11.37,,,9.9,8.38,29.31,,7.74,,,8.66,,,,8.62,,8.83,,,7.44,,,8.89,11.08,19.85,11.25,,19.66,,10.07,,9.5,,19.49,,,7.48,29.63,,13.007894736842104,47.72727272727273
1156,1156,2020-05-26,,20.35,,,16.38,13.0,35.99,,13.15,,,13.99,,,,,,10.93,,,13.22,,,17.34,16.44,27.5,17.85,,23.32,,15.78,,16.46,,25.28,,,13.39,35.51,,19.215555555555557,50.0
1157,1157,2020-05-27,,12.37,,,9.93,8.47,24.25,,6.21,,,9.11,,,,,,7.31,,,7.85,,,10.03,8.44,21.73,12.49,,16.12,,8.01,,9.92,,15.01,,,7.77,20.2,,11.956666666666663,50.0
1158,1158,2020-05-28,,17.9,,,9.56,461.65,16.07,,8.65,,,11.73,,,,,,7.59,,,7.83,,,7.14,11.53,19.15,13.16,,17.24,,8.97,,10.19,,15.72,,,9.12,15.75,,37.16388888888889,50.0
1159,1159,2020-05-29,,14.32,,,5.47,7.71,22.19,,4.95,,,6.08,,,,,,4.71,,,5.4,,,7.85,8.67,16.92,9.92,,14.65,,6.74,,5.92,,15.63,,,5.84,19.53,,10.13888888888889,50.0
1160,1160,2020-05-30,,16.94,,,6.39,7.4,28.6,,6.46,,,4.77,,,,,,13.06,,,4.93,,,10.19,8.35,26.81,7.23,,21.51,,6.63,,-3.23,,12.31,,,4.86,19.73,,11.274444444444445,50.0
1161,1161,2020-05-31,,9.93,,,7.19,6.33,32.98,,6.31,,,5.35,,,,,,7.04,,,5.87,,,,7.52,21.82,7.7,,14.41,,6.41,,,,16.24,,,4.84,32.38,,12.02,54.54545454545454
1162,1162,2020-06-01,,20.39,,,10.76,8.65,27.89,,8.08,,,9.97,,,,,,10.59,,,10.48,,,13.68,10.23,26.72,12.71,,22.45,,10.38,,14.65,,22.07,,,9.38,27.46,,15.363333333333332,50.0
1163,1163,2020-06-02,,6.96,,,8.96,5.77,15.83,,4.12,,,6.14,,,,,,5.34,,,5.06,,,7.03,6.51,27.07,5.82,,11.63,,6.44,,6.53,,10.37,,,5.45,15.0,,8.890555555555556,50.0
1164,1164,2020-06-03,,8.84,,,10.63,6.74,39.22,,5.09,,,8.79,,,,,,6.61,,,6.06,,,7.41,7.11,39.94,9.55,,11.71,,8.95,23.26,10.96,,16.66,,,5.54,18.81,,13.256842105263155,47.72727272727273
1165,1165,2020-06-04,,9.86,,,10.01,7.9,27.03,,6.36,,,11.78,,,,10.29,,7.61,,,7.81,,,7.6,8.77,13.82,9.02,,15.82,,11.29,17.02,10.3,,15.99,,,7.85,24.41,,12.027,45.45454545454545
1166,1166,2020-06-05,,25.88,,,13.89,15.87,19.7,,15.73,,,15.36,,,,13.38,,14.24,,,18.24,,,17.62,20.59,24.19,18.31,,20.89,,,20.57,18.45,,19.37,,,18.06,17.53,,18.30894736842105,47.72727272727273
1167,1167,2020-06-06,,15.68,,,6.16,9.36,23.43,,14.02,,,12.08,,,,8.07,,11.27,,,9.13,,,5.61,12.02,13.65,8.18,,17.55,,,12.74,9.6,,12.96,,,8.54,15.8,,11.886842105263158,47.72727272727273
1168,1168,2020-06-07,,17.55,,,7.7,8.94,33.26,,9.55,,,10.16,,,,11.32,,8.67,,,8.03,,,35.0,9.07,23.32,13.03,,19.15,,,16.2,9.97,,23.87,,,7.98,29.25,,15.895789473684207,47.72727272727273
1169,1169,2020-06-08,,20.16,,,11.5,10.65,24.91,,9.3,,,8.9,,,,14.38,,12.95,,,11.69,,,10.51,,23.89,13.13,,23.5,,,15.93,13.82,,22.55,,,11.74,22.96,,15.692777777777776,50.0
1170,1170,2020-06-09,,12.55,,,8.92,7.51,24.3,,4.24,,,10.14,,,,13.56,,4.53,,,7.57,,,7.02,,20.21,8.42,,18.96,,,20.51,9.13,,20.93,,,7.23,29.47,13.49,13.088947368421053,47.72727272727273
1171,1171,2020-06-10,,11.37,,,7.39,6.63,27.61,,4.99,,,12.58,,,,9.57,,14.64,,,6.44,,,7.75,,,6.38,,22.71,,,17.98,8.74,,14.01,,,5.93,27.24,13.6,12.53111111111111,50.0
1172,1172,2020-06-11,,11.46,,,9.12,7.4,27.2,,6.24,,,11.53,,11.25,,9.26,,8.14,,,8.28,,,8.7,11.23,,12.48,,22.5,,,18.74,9.57,,15.97,,,7.44,20.72,12.2,12.4715,45.45454545454545
1173,1173,2020-06-12,,16.75,,,10.58,8.55,28.69,,6.7,,,15.53,,11.69,,12.6,,9.66,,,10.09,,,9.32,10.36,30.83,,,24.86,,,22.26,12.18,,21.29,,,9.56,24.43,14.82,15.5375,45.45454545454545
1174,1174,2020-06-13,,14.31,,,9.19,10.07,41.24,,6.66,,,9.18,,19.16,,19.78,,12.75,,,10.21,,,17.0,12.83,37.06,,,25.47,,,40.99,13.15,,40.35,,,10.21,42.06,16.33,20.4,45.45454545454545
1175,1175,2020-06-14,,17.54,,,12.03,10.14,38.53,,7.66,,,9.38,,12.91,,20.85,,9.97,,,9.95,,,,11.64,25.47,,,19.02,,14.57,30.69,12.45,,26.1,,,9.71,33.09,15.46,17.357999999999997,45.45454545454545
1176,1176,2020-06-15,,14.66,,,10.24,8.82,27.8,,6.24,,,9.55,,12.33,,14.84,,11.26,,,9.61,,,9.97,10.86,24.08,,,17.55,,11.91,29.11,12.0,,19.84,,,9.61,21.52,13.84,14.554285714285712,43.18181818181818
1177,1177,2020-06-16,,19.1,,,8.54,5.69,23.36,,4.6,,,10.14,,7.29,,6.73,,5.2,,,8.04,,,5.6,6.93,16.46,,,10.0,,8.75,17.06,7.26,,13.86,,,5.95,13.58,8.33,10.11761904761905,43.18181818181818
1178,1178,2020-06-17,,19.56,,,7.81,6.47,,,6.27,,,10.68,,9.3,,6.33,,6.13,,,6.68,,,6.41,8.1,,,,11.09,,9.48,6.3,8.08,,10.54,,,6.02,8.93,10.28,8.65578947368421,47.72727272727273
1179,1179,2020-06-18,,18.03,,,10.52,8.0,21.27,,6.85,,,11.12,,11.21,,,,13.5,,,,,,7.35,10.14,,,,14.98,,11.07,22.79,10.7,,16.53,,,8.43,14.96,15.03,12.915555555555557,50.0
1180,1180,2020-06-19,,15.78,,,11.43,8.8,22.95,,7.27,,,10.67,,12.21,,,,8.76,,,,,,6.64,10.57,,,,14.82,,9.31,16.73,10.13,,15.74,,,7.92,18.1,13.48,12.294999999999998,50.0
1181,1181,2020-06-20,,23.55,,,11.78,10.45,52.07,,9.7,,,10.08,,12.8,,,,12.85,,,,,,15.44,11.65,,,,21.26,,8.9,19.81,12.95,,18.58,,,8.74,31.31,20.15,17.337222222222223,50.0
1182,1182,2020-06-21,,21.44,,,11.84,10.5,50.41,,8.42,,,10.73,,17.16,,18.76,,24.15,,,,,,16.42,11.55,27.51,,,23.41,,,28.23,12.0,,25.27,,,9.64,41.39,16.8,20.29631578947368,47.72727272727273
1183,1183,2020-06-22,,21.41,,,16.67,14.74,45.63,,13.48,,,13.46,,20.13,,19.95,,13.13,,,,,,18.17,18.26,31.78,,,27.77,,,30.24,19.03,,29.93,,,14.09,47.86,21.6,23.017368421052637,47.72727272727273
1184,1184,2020-06-23,,17.45,,,18.05,8.48,29.45,,,,,14.42,,10.77,,13.23,,6.49,,,,,,9.91,9.84,19.76,,,17.77,,,24.57,11.39,,18.91,,,7.98,22.77,12.73,15.220555555555556,50.0
1185,1185,2020-06-24,,9.16,,,8.57,6.19,,,,,,15.0,,8.05,,10.48,,8.23,,,,,,8.93,5.44,13.28,,,,,6.81,,,,12.95,,,5.18,13.24,10.3,9.454000000000002,56.81818181818182
1186,1186,2020-06-25,,18.42,,,,7.63,46.24,,8.7,,,10.82,,10.12,,11.79,,8.2,,,,,,8.23,,90.02,,,18.53,,7.39,,,,20.52,,,7.73,25.78,11.79,19.494375,54.54545454545454
1187,1187,2020-06-26,,19.36,,,,7.97,28.37,,6.76,,,10.18,,12.33,,15.37,,7.97,,,,,,10.04,,36.25,,,17.83,,,,,,19.2,,,8.11,23.9,15.23,15.924666666666669,56.81818181818182
1188,1188,2020-06-27,,20.63,,,,8.88,25.79,,5.93,,,12.45,,12.61,,9.25,,11.97,,,,,,9.09,,18.13,,,16.77,,,,,,15.92,,,7.66,18.04,14.02,13.809333333333331,56.81818181818182
1189,1189,2020-06-28,,20.09,,,,8.06,20.16,,10.16,,,10.97,,,,9.18,,16.28,,,,,,,,18.51,,,16.05,,,,,,15.76,,,8.45,15.79,14.22,14.129230769230768,61.36363636363637
1190,1190,2020-06-29,,10.59,,,,4.9,19.78,,5.27,,,9.07,,,,5.94,,7.64,,,,,,7.49,,12.68,,,12.03,,,,,,14.21,,,5.33,12.46,9.02,9.74357142857143,59.09090909090909
1191,1191,2020-06-30,,26.24,,,38.33,18.09,30.79,,19.61,,,14.17,,,,6.19,,21.95,,,,,,12.92,,26.69,,,32.0,,,,,,20.31,,,15.64,21.55,28.3,22.18533333333333,56.81818181818182
1192,1192,2020-07-01,,25.1,,,15.07,6.39,27.77,,4.93,,,9.17,,,,18.26,,4.94,,,,,,8.8,,23.51,,,11.8,,,,7.28,,19.47,,,6.21,21.02,9.23,13.684375,54.54545454545454
1193,1193,2020-07-02,,16.78,,,11.75,9.38,23.93,,9.9,,,10.07,,,,10.26,,9.23,,,,,,9.41,,,,,16.44,,,,13.96,,17.66,,,9.61,18.61,15.48,13.498,56.81818181818182
1194,1194,2020-07-03,,36.5,,,8.38,5.31,13.73,,5.31,,,8.19,,,,4.79,,5.34,,,5.44,,,6.09,,,,,13.14,,,,6.67,,10.63,,,5.4,10.87,11.23,9.81375,54.54545454545454
1195,1195,2020-07-04,,16.03,,,9.43,8.54,37.27,,10.09,,,8.85,,,,10.41,,9.28,,,7.62,,,8.54,,,,,19.15,,,,9.72,,17.4,,,6.81,24.63,17.21,13.81125,54.54545454545454
1196,1196,2020-07-05,,20.72,,,10.22,11.05,37.2,,10.23,,,10.07,,,,11.68,,13.93,,,11.56,,,,,,,,22.92,,,,13.42,,30.04,,,11.21,35.63,20.64,18.03466666666667,56.81818181818182
1197,1197,2020-07-06,,16.85,,,9.5,8.48,26.17,,9.99,,,9.73,,,,10.78,,6.27,,,8.11,,,10.39,,,,,15.09,,,,8.94,,13.54,,,7.85,15.52,13.03,11.89,54.54545454545454
1198,1198,2020-07-07,,9.64,,,7.95,5.16,21.84,,5.5,,,7.27,,,,12.28,,7.6,,,5.99,13.88,,6.58,,,,,12.34,,,,7.97,,12.41,,,5.54,21.71,10.25,10.23,52.27272727272727
1199,1199,2020-07-08,,20.5,,,10.62,11.53,42.02,,10.04,,,8.4,,,,16.56,,11.56,,,10.76,13.92,,12.52,,,,,16.02,,,,14.09,,23.88,,,10.51,25.98,17.24,16.244117647058825,52.27272727272727
1200,1200,2020-07-09,,23.16,,,11.13,11.72,24.01,,11.01,,,7.98,,,,15.75,,14.63,,,10.93,14.65,,11.23,,37.0,,,,,,,13.34,,23.73,,,10.2,26.11,17.81,16.728823529411763,52.27272727272727
1201,1201,2020-07-10,,19.38,,,8.3,9.82,20.27,,10.69,,,8.28,,,,10.23,,14.19,,,,11.95,,9.26,,19.17,,,,,,,11.38,,16.87,,,9.77,18.06,13.84,13.216250000000002,54.54545454545454
1202,1202,2020-07-11,,18.87,,,6.22,6.62,22.52,,7.35,,,8.44,,,,10.85,,7.68,,,,9.04,,80.73,,21.24,,,,,,,9.86,,13.95,,,7.79,17.35,12.49,16.3125,54.54545454545454
1203,1203,2020-07-12,,21.78,,,8.7,9.92,34.1,,10.81,,,9.75,,,,15.97,,15.47,,,,13.66,,11.55,,24.34,,,,,,,12.52,,20.96,,,10.17,27.21,17.41,16.520000000000003,54.54545454545454
1204,1204,2020-07-13,,18.82,,,10.38,13.79,36.26,,13.64,,,9.87,,,,13.35,,13.78,,,15.25,15.81,,122.75,,26.11,,,,,,,15.77,,23.76,,,13.96,31.35,17.23,24.22823529411765,52.27272727272727
1205,1205,2020-07-14,,18.7,,,9.77,13.0,28.85,,12.17,,,8.43,,,,12.52,,13.59,,,4.93,12.99,,56.87,,24.4,,,,,,,13.38,,21.34,,,12.38,22.8,18.36,17.910588235294117,52.27272727272727
1206,1206,2020-07-15,,18.11,,,7.6,10.13,25.75,,10.46,,,7.5,,,,11.87,,8.82,,,9.42,9.62,,11.29,,16.09,,,18.49,,,,12.11,,18.13,,,10.18,22.28,14.17,13.445555555555558,50.0
1207,1207,2020-07-16,,22.72,,,9.54,10.93,28.92,,9.23,,,11.74,,,,12.4,,9.96,,,10.32,14.35,,10.47,16.38,26.39,,,18.38,,,,12.8,,19.18,,,11.09,21.28,16.22,15.384210526315789,47.72727272727273
1208,1208,2020-07-17,,13.56,,,7.57,7.95,26.63,,7.17,,,9.74,,,,11.41,,6.55,,,6.22,12.59,,40.77,9.53,16.77,,,15.28,,,,9.06,,16.08,,,6.46,17.95,11.33,13.295789473684213,47.72727272727273
1209,1209,2020-07-18,,14.11,,,7.08,9.6,20.19,,7.27,,,9.69,,,,9.84,,12.51,,,7.6,12.93,,17.93,10.71,,,,16.05,,,,9.91,,16.85,,,7.02,15.46,11.36,12.006111111111112,50.0
1210,1210,2020-07-19,,14.23,,,6.37,6.66,26.56,,5.87,,,9.28,,,,14.73,,8.75,,,7.01,12.71,,19.81,7.65,,,,14.72,,,,8.25,,17.81,,,5.68,18.68,10.12,11.938333333333336,50.0
1211,1211,2020-07-20,,14.44,,,8.26,8.5,28.96,,7.21,,,9.68,,,,24.16,,8.52,,,8.48,12.44,,391.45,9.95,,,,17.18,,,,10.59,,24.26,,,7.94,25.54,13.11,35.03722222222222,50.0
1212,1212,2020-07-21,,19.53,,,6.66,7.39,18.28,,5.8,,,9.5,,,,14.73,,18.7,,,8.13,12.17,,8.67,8.84,,,,16.03,,,,9.16,,16.69,,,6.93,17.47,11.27,11.997222222222224,50.0
1213,1213,2020-07-22,,11.89,,,6.29,8.16,14.76,,5.36,,,9.61,,,,7.21,,6.63,,,7.7,7.93,,6.43,7.4,,,,15.96,,,,8.66,,11.49,,,6.46,11.35,11.46,9.15277777777778,50.0
1214,1214,2020-07-23,,25.6,,,9.51,10.79,27.51,,10.63,,,10.83,,,,10.56,,11.11,,,11.41,15.42,,,16.67,,,,18.12,,,,13.33,,18.48,,,10.96,20.65,16.36,15.172941176470587,52.27272727272727
1215,1215,2020-07-24,,18.1,,,9.9,11.26,26.91,,9.47,,,11.19,,,,13.99,,10.94,,,11.56,12.58,,,13.59,,,,22.12,,,,14.44,,19.27,,,10.46,21.36,16.87,14.941764705882356,52.27272727272727
1216,1216,2020-07-25,,13.54,,,8.24,8.42,32.64,,7.85,,,10.04,,,,17.93,,8.22,,,8.64,17.78,,,11.14,,,,21.89,,,,11.64,,27.5,,,7.52,31.29,17.25,15.384117647058822,52.27272727272727
1217,1217,2020-07-26,,16.77,,,10.67,10.59,30.94,,11.49,,,10.87,,,,18.3,,12.1,,,11.49,16.64,,,14.69,,,,22.32,,,,13.63,,22.67,,,11.77,26.34,16.61,16.346470588235295,52.27272727272727
1218,1218,2020-07-27,,19.68,,,6.82,6.86,23.73,,6.84,,,10.81,,,,12.56,,6.84,,,8.26,9.02,,5.79,10.26,,,,18.43,,,,10.36,,17.7,,,7.24,15.83,15.43,11.803333333333336,50.0
1219,1219,2020-07-28,,21.32,,,7.55,7.96,29.06,,4.9,,,8.59,,,,6.75,,4.03,,,6.25,9.06,,6.53,9.1,,,,16.91,,,,7.61,,16.61,,,5.88,14.01,12.63,10.819444444444445,50.0
1220,1220,2020-07-29,,22.9,,,4.2,4.48,14.54,,3.33,,,3.81,,,,7.63,,5.12,,,4.97,6.74,,5.61,5.44,,,,14.25,,,,6.13,,10.97,,,4.47,14.44,11.25,8.348888888888888,50.0
1221,1221,2020-07-30,,33.46,,,5.89,6.7,24.87,,5.76,,,11.98,,,,9.9,,10.18,,,7.0,9.39,,6.77,8.73,,,,18.32,,,,8.47,,15.98,,,6.78,17.68,14.07,12.329444444444444,50.0
1222,1222,2020-07-31,,21.27,,,14.71,16.53,41.95,,11.34,,,8.28,,,,20.28,,20.1,,,12.78,21.26,,24.32,19.13,,,,35.64,,,,17.62,,28.45,,,13.47,56.58,24.07,22.654444444444444,50.0
1223,1223,2020-08-01,,22.46,,,10.11,11.62,30.7,,12.15,,,9.02,,,,13.93,,10.31,,,11.91,15.81,,15.19,15.95,,,,26.04,,,,9.09,,19.38,,,10.94,22.86,18.06,15.862777777777776,50.0
1224,1224,2020-08-02,,16.96,,,11.03,9.68,37.54,,10.66,,,9.18,,,,12.91,,14.5,,,11.23,14.26,,11.79,12.05,,,,23.61,,,,14.18,,19.37,,,11.14,24.54,18.59,15.734444444444442,50.0
1225,1225,2020-08-03,,15.77,,,7.57,8.12,36.47,,7.55,,,9.35,,,,8.41,,12.08,,,9.24,10.74,,8.86,11.76,,,,23.59,,,,11.07,,16.43,,,7.99,14.86,13.46,12.96222222222222,50.0
1226,1226,2020-08-04,,15.95,,,7.52,8.54,33.42,,9.18,,,9.51,,,,9.56,,7.85,,,9.57,12.0,,10.58,14.02,,,,17.91,,,,10.28,,18.93,,,7.82,18.63,15.2,13.137222222222224,50.0
1227,1227,2020-08-05,,12.6,,,7.76,7.95,19.09,,7.36,,,8.49,,,,7.97,,7.91,,,8.33,9.28,,36.92,10.29,24.28,,,18.24,,,,,,15.83,,,7.46,18.24,12.23,13.346111111111112,50.0
1228,1228,2020-08-06,,19.27,,,10.15,10.71,22.27,,4.59,,,9.46,,,,10.33,,13.98,,,10.47,15.72,,440.35,13.84,,,,20.38,,,,,,19.38,,,10.46,18.58,15.86,39.16470588235296,52.27272727272727
1229,1229,2020-08-07,,24.17,,,14.08,17.13,54.87,,15.68,,,12.44,,,,13.47,,17.23,,,15.79,15.74,,18.49,21.06,476.86,,,27.14,,,,,,23.02,,,15.42,27.83,23.41,46.32388888888889,50.0
1230,1230,2020-08-08,,27.57,,,14.76,18.34,34.07,,16.28,,,12.63,,,,16.36,,22.12,,,18.59,23.38,,23.74,22.72,,,,30.22,,,,22.38,,28.28,,,,33.82,25.54,22.988235294117644,52.27272727272727
1231,1231,2020-08-09,,25.68,,,11.4,11.95,23.76,,12.8,,,12.91,,,,11.18,,12.3,,,12.75,13.68,,17.62,15.37,,,,23.26,,,,15.41,,19.62,,,,19.15,17.17,16.23588235294118,52.27272727272727
1232,1232,2020-08-10,,13.18,,,5.65,5.74,21.03,,5.6,,,13.56,,,,7.9,,7.15,,,7.42,7.91,,11.05,7.65,,,,15.15,,8.58,,7.38,,12.77,,,7.2,12.72,10.91,9.923684210526316,47.72727272727273
1233,1233,2020-08-11,,14.51,,,9.07,6.64,15.76,,5.6,,,13.37,,,,7.04,,6.39,,,7.21,9.43,,11.02,8.6,950.59,,,17.5,,6.65,,9.93,,14.27,,,6.92,13.85,11.98,57.316500000000005,45.45454545454545
1234,1234,2020-08-12,,17.53,,,7.89,9.56,19.5,,9.14,,,11.48,,,,8.24,,8.28,,,9.91,9.61,,13.17,12.81,,,,23.44,,,,12.44,,18.73,,,10.06,21.77,14.99,13.252777777777778,50.0
1235,1235,2020-08-13,,18.71,,,3.83,6.1,18.11,,3.9,,,10.19,,,,6.71,,8.45,,,5.69,6.62,,7.12,7.98,,,,19.98,,,,7.45,,11.49,,,5.25,12.13,8.98,9.371666666666666,50.0
1236,1236,2020-08-14,,13.54,,,6.99,7.89,24.9,,6.3,,,8.73,,,,8.62,,6.92,,,8.59,12.01,,18.53,10.6,45.0,,,19.56,,,,9.25,,22.75,,,7.74,23.97,12.66,14.45,47.72727272727273
1237,1237,2020-08-15,,18.19,,,10.31,15.24,41.95,,8.63,,,9.07,,,,19.09,,13.47,,,10.2,26.65,,16.24,24.32,36.0,,,34.77,,,,15.9,,28.69,,,9.01,40.02,17.01,20.776842105263157,47.72727272727273
1238,1238,2020-08-16,,23.69,,,,13.38,41.62,,12.84,,,10.94,,,,17.96,,17.22,,,13.55,22.3,,,16.26,39.41,,,,,,,17.46,,28.4,,,13.77,32.94,22.7,21.5275,54.54545454545454
1239,1239,2020-08-17,,21.58,,,10.13,12.71,25.63,,12.89,,,10.86,,,,13.0,,15.56,,,16.4,16.06,,15.31,16.54,26.15,,,,,,,17.31,,21.08,,,13.6,23.77,20.66,17.18,50.0
1240,1240,2020-08-18,,31.79,,,10.19,10.41,30.16,,8.02,,,11.31,,,,9.08,,11.94,,,9.83,11.21,,14.59,12.75,25.2,,,,,,,13.54,,26.58,,,10.55,21.92,19.35,16.023333333333333,50.0
1241,1241,2020-08-19,,19.9,,,5.75,6.81,29.19,,4.8,,,8.71,,,,7.54,,8.94,,,6.48,12.34,,10.16,9.7,23.43,,,,,,,3.9,,16.41,,,5.87,16.2,12.96,11.616111111111111,50.0
1242,1242,2020-08-20,,26.25,,,10.2,11.82,29.25,,9.99,,,10.99,,,,13.71,,10.69,,,13.76,12.19,,12.79,14.94,25.6,,,,,,,,,17.99,,,13.58,20.21,22.15,16.241764705882353,52.27272727272727
1243,1243,2020-08-21,,5.9,,,5.78,6.79,18.69,,6.32,,,10.19,,,,11.64,,6.51,,,6.68,10.65,,11.26,9.0,25.04,,,,,,,,,14.06,,,6.21,16.24,10.9,10.697647058823533,52.27272727272727
1244,1244,2020-08-22,,17.9,,,9.35,11.34,44.68,,10.98,,,11.53,,,,16.79,,14.8,,,10.66,19.6,,30.89,14.53,28.6,,,,,,,,,21.13,,,10.01,26.01,11.65,18.261764705882356,52.27272727272727
1245,1245,2020-08-23,,38.16,,,10.75,11.64,38.51,,14.59,,,13.63,,,,18.09,,15.32,,,11.89,18.99,,16.46,14.91,35.61,,,,,,,,,27.13,,,12.42,34.37,,20.779375,54.54545454545454
1246,1246,2020-08-24,,27.56,,,21.29,20.41,48.81,,18.51,,,15.4,,,,20.96,,14.75,,,23.19,19.49,,28.26,24.95,48.1,,,,,,,37.36,,36.38,,,22.62,46.88,,27.93647058823529,52.27272727272727
1247,1247,2020-08-25,,23.5,,,9.54,12.17,19.75,,9.92,,,14.93,,,,11.52,,11.18,,,11.82,11.18,,12.29,14.31,24.26,,,17.0,,10.57,,13.85,,17.22,,,10.79,19.05,16.01,14.542999999999996,45.45454545454545
1248,1248,2020-08-26,,22.21,,,11.67,14.72,14.07,,14.5,,,15.86,,,,7.51,,17.45,,,13.35,15.67,,12.66,17.97,21.96,,,29.32,,14.15,,16.02,,15.74,,,13.96,15.41,22.19,16.319499999999998,45.45454545454545
1249,1249,2020-08-27,,25.72,,,,14.08,25.95,,12.15,,,18.39,,,,11.57,,13.48,,,12.17,11.89,,18.24,15.48,24.52,,,21.47,,12.28,,13.14,,17.55,,,12.15,18.74,18.57,16.71263157894737,47.72727272727273
1250,1250,2020-08-28,,10.26,,,7.14,6.31,35.57,,4.65,,,14.9,,,,12.15,,5.04,,,7.8,15.4,,11.16,9.38,24.85,,,12.94,,7.11,,1.86,,14.99,,,6.45,18.41,12.93,11.965000000000002,45.45454545454545
1251,1251,2020-08-29,,21.08,,,9.63,11.43,49.94,,9.02,,,11.02,,,,17.72,,17.55,,,11.08,17.93,,20.42,15.04,29.63,,,27.67,,11.82,,,,24.93,,,10.76,34.35,21.27,19.594210526315788,47.72727272727273
1252,1252,2020-08-30,,29.35,,,13.08,17.29,54.8,,16.66,,,14.87,,,,21.03,,26.65,,,16.63,22.91,,46.67,21.18,36.13,,,27.94,,17.68,,,,25.96,,,16.59,34.0,24.26,25.45684210526316,47.72727272727273
1253,1253,2020-08-31,,26.23,,,16.09,17.93,46.34,,17.22,,,16.75,,,,25.58,,31.31,,,18.02,22.75,,24.27,21.91,37.17,,,31.71,,19.95,,,,32.19,,,18.46,52.22,26.81,26.468947368421052,47.72727272727273
1254,1254,2020-09-01,,20.94,,,13.1,16.05,47.72,,14.18,,,8.84,,,,19.58,,22.64,,,12.41,21.86,,25.41,17.93,51.22,,,29.99,,13.86,,,,30.09,,,14.21,39.36,24.64,23.37,47.72727272727273
1255,1255,2020-09-02,,18.95,,,7.46,10.05,23.89,,9.51,,,3.88,,,,11.1,,10.32,,,9.2,14.78,,14.27,12.63,22.82,,,21.56,,10.94,,,,17.12,,,8.7,25.05,13.9,14.006842105263155,47.72727272727273
1256,1256,2020-09-03,,30.28,,,8.01,9.31,23.91,,8.99,,,2.94,,,,11.96,,7.45,,,8.17,12.02,,21.06,9.99,25.46,,,23.91,,10.5,,,,19.8,,,8.96,22.84,17.94,14.921052631578949,47.72727272727273
1257,1257,2020-09-04,,10.46,,,5.17,6.16,13.99,,5.47,,,3.07,,,,7.92,,6.19,,,5.91,4.99,,9.25,7.87,15.96,,,21.32,,7.11,,,,10.99,,,5.8,12.87,9.97,8.972105263157896,47.72727272727273
1258,1258,2020-09-05,,24.92,,,14.75,17.57,39.85,,14.4,,,3.0,,,,15.14,,22.75,,,17.37,20.84,,21.07,22.09,34.41,,,35.24,,19.73,,,,24.46,,,16.44,23.76,25.1,21.731052631578947,47.72727272727273
1259,1259,2020-09-06,,18.07,,,10.42,12.32,27.74,,9.99,,,2.44,,,,17.14,,25.66,,,10.81,16.17,,20.28,13.89,37.16,,,25.96,,11.82,,,,23.58,,,10.75,25.21,19.06,17.814210526315787,47.72727272727273
1260,1260,2020-09-07,,25.54,,,6.1,7.78,13.77,,6.04,,,4.14,,,,6.17,,7.2,,,7.37,9.62,,10.51,8.91,16.79,,,14.32,,6.88,,,,10.66,,,6.95,11.19,11.76,10.089473684210525,47.72727272727273
1261,1261,2020-09-08,,23.98,,,10.5,18.06,32.84,,15.39,,,3.03,,,,14.72,,11.67,,,16.14,14.9,,16.47,15.16,32.47,,,25.2,,14.74,,,,25.45,,,14.79,29.03,22.39,18.785789473684208,47.72727272727273
1262,1262,2020-09-09,,,,,16.35,18.29,40.78,,14.97,,,3.5,,,,17.2,,15.28,,,17.07,17.32,,23.32,32.67,31.56,,,29.34,,18.05,,,,32.13,,,17.52,36.5,23.81,22.536666666666665,50.0
1263,1263,2020-09-10,,,,,11.51,17.25,30.49,,15.85,,,5.63,,,,16.75,,12.17,,,,15.91,,18.44,20.87,27.16,,,26.17,,14.87,,,,21.48,,,14.61,28.7,24.02,18.93411764705882,52.27272727272727
1264,1264,2020-09-11,,,,,15.12,22.71,50.64,,19.68,,,3.82,,,,15.48,,25.84,,,20.46,26.53,,18.55,26.16,31.88,,,33.93,,19.88,,,,31.38,,,17.71,39.88,26.4,24.78055555555555,50.0
1265,1265,2020-09-12,,,,,14.38,17.35,37.48,,14.35,,,3.05,,,,15.58,,19.69,,,16.82,18.55,,,19.93,33.49,,,28.31,,15.07,,,,26.05,,,13.68,43.01,22.98,21.16294117647059,52.27272727272727
1266,1266,2020-09-13,,,,,16.2,30.79,48.44,,16.87,,,2.49,,,,15.13,,13.97,,,11.9,29.32,,51.24,16.87,30.35,,,23.07,,12.49,,,,25.96,,,11.36,20.73,17.65,21.935,50.0
1267,1267,2020-09-14,,,,,15.59,33.38,54.14,,21.67,,,3.78,,,,53.68,,17.32,,,20.52,27.24,,26.1,24.75,41.31,,,28.55,,22.37,,,,35.29,,,19.84,,27.7,27.83705882352941,52.27272727272727
1268,1268,2020-09-15,,,,,7.71,9.01,30.98,,7.94,,,3.49,,,,24.92,,9.28,,,9.63,10.32,,13.5,12.47,17.79,,,17.79,8.91,10.51,,,,18.25,,,9.53,39.6,17.5,14.691052631578946,47.72727272727273
1269,1269,2020-09-16,,,,,16.09,13.64,40.87,,10.96,,,2.49,,,,17.81,,12.61,,,15.23,26.12,,22.95,16.26,,,,31.46,,15.98,,,,30.83,,,13.92,33.79,28.93,20.584705882352942,52.27272727272727
1270,1270,2020-09-17,,,,,6.66,11.39,13.85,,10.17,,,3.1,,,,9.17,,11.45,,,11.78,10.87,,10.31,14.01,,,,15.1,,11.31,,,,14.17,,,10.52,15.94,17.15,11.58529411764706,52.27272727272727
1271,1271,2020-09-18,,,,,6.82,13.35,28.81,,10.37,,,2.4,,,,2.56,,17.47,,,7.79,17.55,,12.18,13.63,,,,5.6,,9.8,,,,14.37,,,9.42,17.14,14.5,11.985882352941177,52.27272727272727
1272,1272,2020-09-19,,30.89,,,16.11,21.37,74.49,,20.26,,,2.27,,,,23.48,,22.58,,,17.32,33.28,,43.61,26.22,,,,,,19.83,,,,49.55,,,16.7,70.08,28.49,30.384117647058822,52.27272727272727
1273,1273,2020-09-20,,37.3,,,16.94,77.84,113.53,,22.16,,,2.91,,,,27.78,,32.22,,,21.44,36.82,,33.37,29.19,,,,47.22,,21.79,,21.04,,44.45,,,19.72,114.56,30.15,39.49631578947368,47.72727272727273
1274,1274,2020-09-21,,14.26,,,9.9,10.46,66.12,,7.34,,,30.06,,,,20.86,,12.65,,,10.0,23.51,,19.08,12.92,,,,23.55,,11.95,,14.7,,34.61,,,8.89,71.11,17.01,22.05157894736842,47.72727272727273
1275,1275,2020-09-22,,23.3,,,8.82,12.3,31.79,,10.39,,,20.53,,,,,,8.41,,,10.79,14.65,,12.35,14.99,,,,18.26,,11.06,,12.75,,20.69,22.01,,10.76,21.77,18.23,15.992105263157896,47.72727272727273
1276,1276,2020-09-23,,24.79,,,9.82,21.16,47.4,,10.18,,,18.67,,,,,,19.74,,,12.63,18.44,,15.85,16.4,,,,22.99,,15.76,,15.91,,22.46,19.86,14.25,12.27,34.53,20.14,19.6625,45.45454545454545
1277,1277,2020-09-24,,16.43,,,8.98,10.74,29.42,,9.86,,,20.37,,,,10.66,,8.58,,,11.88,15.43,,15.2,13.99,,,,22.35,,11.62,,12.75,,17.71,18.22,13.61,11.2,30.05,16.55,15.504761904761908,43.18181818181818
1278,1278,2020-09-25,,27.84,,,10.9,18.41,23.92,,15.63,,,23.38,,,,11.89,,10.83,,,14.75,16.23,,17.32,18.14,,,,24.8,,15.04,,17.89,,19.8,20.4,19.83,13.97,22.29,22.23,18.35666666666667,43.18181818181818
1279,1279,2020-09-26,,20.55,,,10.3,134.67,30.67,,13.21,,,21.34,,,,15.95,,,,,12.19,21.4,,12.21,17.98,,,,32.51,,14.7,,14.68,,24.11,21.13,,11.84,38.45,20.2,25.688947368421047,47.72727272727273
1280,1280,2020-09-27,,33.16,,,14.12,83.38,60.67,,18.37,,,26.91,,,,19.38,,,,,17.56,23.73,,,23.93,,,,36.06,,17.93,,19.03,,28.64,24.27,,18.81,108.89,23.28,33.22888888888889,50.0
1281,1281,2020-09-28,,28.21,,,10.32,318.43,17.28,,11.05,,,20.5,,,,17.14,,,,,12.61,20.84,,19.01,18.21,,,,25.08,,13.88,,16.6,,22.48,19.7,15.93,13.29,28.27,19.12,33.397499999999994,45.45454545454545
1282,1282,2020-09-29,,25.88,,,12.73,19.26,66.6,,17.85,,,26.97,,,,19.68,,,,,17.38,24.2,,17.0,25.35,,,,42.52,,20.23,,20.03,,35.37,17.98,,18.22,39.59,24.49,25.859473684210528,47.72727272727273
1283,1283,2020-09-30,,26.97,,,16.05,20.33,45.86,,19.14,,,29.86,,,,18.21,,,,,19.68,20.71,,28.74,25.04,,,,35.7,,23.01,,24.08,,34.38,22.14,20.54,19.85,30.6,27.84,25.4365,45.45454545454545
1284,1284,2020-10-01,,36.18,,,13.51,18.87,33.95,,18.3,,,25.45,,,,5.27,,,,,19.33,18.64,,29.66,22.39,,,,29.83,,18.57,,21.76,,29.16,29.45,,19.21,44.72,26.09,24.228421052631575,47.72727272727273
1285,1285,2020-10-02,,35.72,,,22.42,26.13,76.38,,25.25,,,30.44,,,,26.66,,,,,32.76,36.58,,50.43,32.43,,,,48.2,,28.4,,32.47,,54.43,31.81,32.52,26.9,88.66,42.76,39.06749999999999,45.45454545454545
1286,1286,2020-10-03,,47.17,,,25.85,28.36,74.4,,25.29,,,29.59,,,,37.48,,,,,,32.14,,37.09,33.53,,,,49.41,,33.21,,30.06,,67.13,39.16,27.59,26.75,116.37,33.54,41.7957894736842,47.72727272727273
1287,1287,2020-10-04,,30.41,,,17.52,21.34,103.82,,21.46,,,29.89,,,,32.1,,,,,,30.66,,,27.79,,,,28.91,,22.95,,25.12,6.39,40.23,29.8,27.81,22.74,60.56,,32.19444444444444,50.0
1288,1288,2020-10-05,,29.59,,,16.53,20.04,75.03,,18.43,,,26.17,,,,32.51,,,,,,27.89,,29.55,15.46,,,,37.59,,22.28,,24.03,,36.86,29.03,23.23,20.47,66.92,,30.645,50.0
1289,1289,2020-10-06,,26.38,,,13.22,17.6,35.3,,17.56,,,31.16,,,,21.44,,,,,23.16,22.92,,28.95,,,,,28.01,,20.88,,21.79,,25.76,25.95,23.22,19.18,34.41,,24.271666666666665,50.0
1290,1290,2020-10-07,,30.88,,,24.67,27.62,116.86,,19.73,,,24.72,,,,56.21,,,,,29.06,31.61,,50.01,29.3,,,,53.51,74.23,28.13,,37.38,30.88,70.73,33.92,34.42,25.82,116.14,,45.03952380952381,43.18181818181818
