,full_date,pm
0,2017-03-22,91.98297872340426
1,2017-03-23,84.64926931106471
2,2017-03-24,126.0395349200156
3,2017-03-25,63.18391328666588
4,2017-03-26,38.57259719398976
5,2017-03-27,34.030815285638006
6,2017-03-28,40.06101613081217
7,2017-03-29,52.11497878583916
8,2017-03-30,49.29826379894115
9,2017-03-31,36.18457053472423
10,2017-04-01,33.10182323842734
11,2017-04-02,49.51228271419025
12,2017-04-03,33.26438966974867
13,2017-04-07,42.14957478937621
14,2017-04-08,56.784808723776685
15,2017-04-09,68.65701252895629
16,2017-04-10,68.19616008433682
17,2017-04-11,46.3849893562337
18,2017-04-12,12.971596910456734
19,2017-04-13,20.15574909229232
20,2017-04-14,23.127633193598587
21,2017-04-15,41.25546183100382
22,2017-04-16,54.39756511283413
23,2017-04-17,23.506502589362206
24,2017-04-18,33.57536410415242
25,2017-04-19,44.40345775318725
26,2017-04-20,33.328542069799624
27,2017-04-21,22.88733664018408
28,2017-04-22,24.07050265873565
29,2017-04-23,26.878328347871403
30,2017-04-24,28.306433726714705
31,2017-04-25,29.36408911097821
32,2017-04-26,25.005018338915203
33,2017-04-27,14.856250712764178
34,2017-04-28,12.36888251219884
35,2017-04-29,23.96662649930265
36,2017-04-30,29.30383430113434
37,2017-05-01,28.041491676626844
38,2017-05-02,36.2201301476578
39,2017-05-03,30.56932358620165
40,2017-05-04,35.475535757969155
41,2017-05-05,23.97263364776882
42,2017-05-06,26.307985669985037
43,2017-05-07,25.222692740545355
44,2017-05-08,37.35076346451112
45,2017-05-09,24.917669408050408
46,2017-05-10,25.883205393912863
47,2017-05-11,18.51141126512953
48,2017-05-12,22.763671127569904
49,2017-05-13,28.983500703223623
50,2017-05-14,28.041276688627157
51,2017-05-15,16.43573982813388
52,2017-05-16,17.872012462933732
53,2017-05-17,27.111835139718192
54,2017-05-18,25.428468468323867
55,2017-05-19,36.52268015450032
56,2017-05-20,34.968895863242054
57,2017-05-21,39.18883810986221
58,2017-05-22,25.74456924234352
59,2017-05-23,15.533532262445576
60,2017-05-24,13.159307683377104
61,2017-05-25,17.98299030006108
62,2017-05-26,14.952030744288876
63,2017-05-27,19.997378246100485
64,2017-05-28,22.63133166133713
65,2017-05-29,14.573783677079115
66,2017-05-30,14.590150956505363
67,2017-05-31,15.854191363518598
68,2017-06-01,21.36141334968464
69,2017-06-02,16.71551066857088
70,2017-06-03,17.780863502957057
71,2017-06-04,20.69211223519949
72,2017-06-05,14.207015953831366
73,2017-06-06,14.342409031338992
74,2017-06-07,8.681383418184353
75,2017-06-08,17.972129729581727
76,2017-06-09,19.806579352580915
77,2017-06-10,16.915131796934137
78,2017-06-11,20.07517039510813
79,2017-06-12,25.50945825574298
80,2017-06-13,22.19711242921942
81,2017-06-14,18.408181864435434
82,2017-06-15,18.73971639512808
83,2017-06-16,22.67319678863853
84,2017-06-17,18.55179492563529
85,2017-06-18,15.470720894423795
86,2017-06-19,17.8356768258749
87,2017-06-20,18.128689629205155
88,2017-06-21,18.83335449493613
89,2017-06-22,20.378348511941734
90,2017-06-23,14.75611599610729
91,2017-06-24,12.54849760980455
92,2017-06-25,21.13725707584301
93,2017-06-26,15.685841768037449
94,2017-06-27,16.228464626654592
95,2017-06-28,14.456387343507444
96,2017-06-29,15.721477824782609
97,2017-06-30,20.19822909833652
98,2017-07-01,27.90147096754195
99,2017-07-02,19.6350676366377
100,2017-07-03,22.57379051874557
101,2017-07-04,20.323842625379765
102,2017-07-05,20.45067009348216
103,2017-07-06,18.23335761344636
104,2017-07-07,20.095693977460595
105,2017-07-08,18.120581876864502
106,2017-07-09,16.711723552778192
107,2017-07-10,22.448004522780543
108,2017-07-11,57.024157949682426
109,2017-07-12,30.03323770800511
110,2017-07-13,15.043553738806844
111,2017-07-14,11.066178799982069
112,2017-07-15,27.43572873096944
113,2017-07-16,23.64490115005028
114,2017-07-17,14.91787521711755
115,2017-07-18,16.781589299830696
116,2017-07-19,14.016160250476792
117,2017-07-20,18.96180788243944
118,2017-07-21,20.90087911129358
119,2017-07-22,17.519690315703343
120,2017-07-23,26.30881870657002
121,2017-07-24,20.728989137608497
122,2017-07-25,18.595557511164564
123,2017-07-26,21.53490450821468
124,2017-07-27,20.561112082686755
125,2017-07-28,22.093800925373824
126,2017-07-29,25.617706567876667
127,2017-07-30,26.835330904638905
128,2017-07-31,21.697977853544327
129,2017-08-01,24.287013637248496
130,2017-08-02,25.964359832938875
131,2017-08-03,32.41414169028439
132,2017-08-04,19.529926317536844
133,2017-08-05,17.455375765627558
134,2017-08-06,20.250892340410747
135,2017-08-07,26.414575595846
136,2017-08-08,21.82223436549202
137,2017-08-09,22.706651824370702
138,2017-08-10,17.914780567361255
139,2017-08-11,16.417633474506882
140,2017-08-12,30.11476560710001
141,2017-08-13,38.54259959594353
142,2017-08-14,42.62364568116877
143,2017-08-15,25.491584198025475
144,2017-08-16,20.29646650593095
145,2017-08-17,18.2125879089385
146,2017-08-18,21.01212955522824
147,2017-08-19,30.61235966890692
148,2017-08-20,25.254750050528603
149,2017-08-21,16.307577590233006
150,2017-08-22,15.723067759031649
151,2017-08-23,15.156373364676238
152,2017-08-24,19.432544925833756
153,2017-08-25,21.135463891152167
154,2017-08-26,21.89657496392172
155,2017-08-27,23.75324928225079
156,2017-08-28,23.62635650771609
157,2017-08-29,24.771755424595035
158,2017-08-30,24.312926534503504
159,2017-08-31,21.754776739779818
160,2017-09-01,24.78309380531845
161,2017-09-02,23.151457898571987
162,2017-09-03,30.723089624828894
163,2017-09-04,32.7818629885156
164,2017-09-05,22.667886723870904
165,2017-09-06,19.179047616731776
166,2017-09-07,19.44000880197976
167,2017-09-08,22.0449010464682
168,2017-09-09,31.22534838537887
169,2017-09-10,31.190884665680837
170,2017-09-11,18.86491618455647
171,2017-09-12,15.992965604935376
172,2017-09-13,15.136701032415989
173,2017-09-14,21.80875899094805
174,2017-09-15,28.211404609908637
175,2017-09-16,36.9957613998253
176,2017-09-17,33.89955534777627
177,2017-09-18,27.12446628022514
178,2017-09-19,20.535350191268943
179,2017-09-20,21.169951285947757
180,2017-09-21,24.314536811336467
181,2017-09-22,24.89370147091263
182,2017-09-23,24.680363483101733
183,2017-09-24,22.40769787660575
184,2017-09-25,32.98359166901019
185,2017-09-26,33.106090887980685
186,2017-09-27,30.5873174712565
187,2017-09-28,20.53429922954859
188,2017-09-29,27.794844225840794
189,2017-09-30,33.89020235049266
190,2017-10-01,50.87799596537953
191,2017-10-02,49.68894758522684
192,2017-10-03,33.894730198325355
193,2017-10-04,23.65792767515754
194,2017-10-05,29.25058957506545
195,2017-10-06,42.08809787120814
196,2017-10-07,51.42062445287703
197,2017-10-08,66.69076462160541
198,2017-10-09,56.15066571460316
199,2017-10-10,62.90104119128632
200,2017-10-11,71.98078205163468
201,2017-10-12,54.66533047102604
202,2017-10-13,45.37333033795606
203,2017-10-14,48.1195118198293
204,2017-10-15,46.40895350953262
205,2017-10-16,68.84203322954691
206,2017-10-17,43.77424827044643
207,2017-10-18,31.117923151679967
208,2017-10-19,31.97276762273808
209,2017-10-20,40.95229244047464
210,2017-10-21,55.05515124806817
211,2017-10-22,41.62328288772808
212,2017-10-23,58.18232509322134
213,2017-10-24,41.93929722196041
214,2017-10-25,31.56760039481648
215,2017-10-26,36.9877595492432
216,2017-10-27,96.00930931247214
217,2017-10-28,76.54718070607768
218,2017-10-29,77.99929716604989
219,2017-10-30,122.37070778863348
220,2017-10-31,74.51297383847087
221,2017-11-01,79.74932182062939
222,2017-11-02,60.67201315908213
223,2017-11-03,39.83246386613349
224,2017-11-04,44.4229778119368
225,2017-11-05,79.47653016122035
226,2017-11-06,71.22655950671057
227,2017-11-07,50.053752550501926
228,2017-11-08,58.21004876861226
229,2017-11-09,50.51822349359793
230,2017-11-10,29.815394747630545
231,2017-11-11,50.501695125109336
232,2017-11-12,103.63484628140972
233,2017-11-13,105.97361988820936
234,2017-11-14,88.19158332792856
235,2017-11-15,58.37617494894188
236,2017-11-16,50.26190918975107
237,2017-11-17,81.65017715027771
238,2017-11-18,78.26843987541874
239,2017-11-19,54.88110636855512
240,2017-11-20,93.26541866025872
241,2017-11-21,110.93374526321004
242,2017-11-22,111.4237376038027
243,2017-11-23,91.47680072969032
244,2017-11-24,91.18700244740523
245,2017-11-25,111.62996059061936
246,2017-11-26,75.12521051254423
247,2017-11-27,47.87919190023844
248,2017-11-28,57.39107129282836
249,2017-11-29,77.41833307400687
250,2017-11-30,65.36531756447557
251,2017-12-01,79.74517061292889
252,2017-12-02,66.55326747599624
253,2017-12-03,39.304543245523725
254,2017-12-04,46.677987864190136
255,2017-12-05,72.30539938545253
256,2017-12-06,75.27008109845193
257,2017-12-07,109.44427105646632
258,2017-12-08,142.78432915893046
259,2017-12-09,79.45712885289998
260,2017-12-10,57.90233993764763
261,2017-12-11,70.99442336715728
262,2017-12-12,95.64598948303502
263,2017-12-13,103.62947855028176
264,2017-12-14,74.3233195949019
265,2017-12-15,86.30055047780199
266,2017-12-16,122.93056321553928
267,2017-12-17,175.70572867735785
268,2017-12-18,178.8835304362041
269,2017-12-19,209.2559589130421
270,2017-12-20,109.6463379814088
271,2017-12-21,110.00127319016674
272,2017-12-22,173.70851008760448
273,2017-12-23,133.88477805162822
274,2017-12-24,222.6840685353378
275,2017-12-25,112.91298467515678
276,2017-12-26,74.88736271445417
277,2017-12-27,43.30867000809388
278,2017-12-28,79.50935808092719
279,2017-12-29,97.17868281052752
280,2017-12-30,98.36070668366608
281,2017-12-31,122.20650129392509
282,2018-01-01,117.32962094798968
283,2018-01-02,90.9808024084642
284,2018-01-03,110.36583075241798
285,2018-01-04,145.73341911632644
286,2018-01-05,192.37952147542103
287,2018-01-06,216.86513045771457
288,2018-01-07,259.5684486899373
289,2018-01-08,235.41456299023704
290,2018-01-09,114.34552438541212
291,2018-01-10,164.87443016669502
292,2018-01-11,65.18761369456776
293,2018-01-12,72.96585493879428
294,2018-01-13,104.74722990775524
295,2018-01-14,79.04347376492692
296,2018-01-15,70.96737760606024
297,2018-01-16,105.4540587130428
298,2018-01-17,130.23883535651544
299,2018-01-18,174.8064702322416
300,2018-01-19,179.42393613964083
301,2018-01-20,248.2671405277303
302,2018-01-21,212.0521758224505
303,2018-01-22,140.20758804203618
304,2018-01-23,78.8472271348681
305,2018-01-24,80.03000152213441
306,2018-01-25,104.69468434483184
307,2018-01-26,94.4786215510472
308,2018-01-27,96.16622813233865
309,2018-01-28,114.79112845863357
310,2018-01-29,207.29866668678085
311,2018-01-30,127.76384174186614
312,2018-01-31,171.4245636599849
313,2018-02-01,207.4585983123566
314,2018-02-02,164.84938894948812
315,2018-02-03,69.00981634027991
316,2018-02-04,112.09519409152394
317,2018-02-05,96.35783272157282
318,2018-02-06,91.7552457935155
319,2018-02-07,66.85146085356374
320,2018-02-08,86.01428672418845
321,2018-02-09,124.52016116594362
322,2018-02-10,119.13825936537688
323,2018-02-11,166.30939284212408
324,2018-02-12,195.12389015035785
325,2018-02-13,180.96218602324305
326,2018-02-14,113.40910642446524
327,2018-02-15,82.95307289660809
328,2018-02-16,76.63233154410152
329,2018-02-17,108.44899768784776
330,2018-02-18,71.14248952763462
331,2018-02-19,78.65429933950278
332,2018-02-20,105.62811906357344
333,2018-02-21,64.76047534553234
334,2018-02-22,86.98637280854662
335,2018-02-23,121.62936182462803
336,2018-02-24,79.60224996394685
337,2018-02-25,94.159065052852
338,2018-02-26,119.28330597627544
339,2018-02-27,52.68914752149452
340,2018-02-28,42.85471088859985
341,2018-03-01,81.81054038205039
342,2018-03-02,51.4206244874107
343,2018-03-03,62.35603830190767
344,2018-03-04,60.897832627372885
345,2018-03-05,43.46034699910244
346,2018-03-06,43.67095212533243
347,2018-03-07,35.086258740433614
348,2018-03-08,60.143767990552064
349,2018-03-09,44.27050505852163
350,2018-03-10,41.02414896449884
351,2018-03-11,38.93600804323869
352,2018-03-12,30.357092221699208
353,2018-03-13,35.434085327730386
354,2018-03-14,23.881412970591896
355,2018-03-15,32.90885806504647
356,2018-03-16,27.82794289419696
357,2018-03-17,47.00481659768329
358,2018-03-18,57.35676151308511
359,2018-03-19,83.90822917313277
360,2018-03-20,74.08950768994718
361,2018-03-21,73.51392878724657
362,2018-03-22,64.56545940820057
363,2018-03-23,28.9510922933016
364,2018-03-24,30.854451618314684
365,2018-03-25,58.0607042455602
366,2018-03-26,35.90153198064511
367,2018-03-27,23.61862786033764
368,2018-03-28,31.167560187621334
369,2018-03-29,31.07452093749033
370,2018-03-30,24.191421725817516
371,2018-03-31,38.42132610233714
372,2018-04-01,44.90178246807091
373,2018-04-02,45.94881123868488
374,2018-04-03,46.06606274947055
375,2018-04-04,45.32897794385432
376,2018-04-05,60.13833445061931
377,2018-04-06,59.58080202444927
378,2018-04-07,31.95292101789283
379,2018-04-08,25.85014676024361
380,2018-04-09,34.19089026518052
381,2018-04-10,21.90743331749681
382,2018-04-11,16.46773737441216
383,2018-04-12,36.87792733182806
384,2018-04-13,39.838599207712015
385,2018-04-14,39.06594945947701
386,2018-04-15,34.10120827907953
387,2018-04-16,27.47328068750214
388,2018-04-17,30.726698351299028
389,2018-04-18,15.373694676841858
390,2018-04-19,24.847511902982525
391,2018-04-20,38.86669952517413
392,2018-04-21,40.60217041606124
393,2018-04-22,40.58550771073529
394,2018-04-23,29.669447125841764
395,2018-04-24,29.031441420925976
396,2018-04-25,17.9567005826384
397,2018-04-26,22.134964287811723
398,2018-04-27,29.502384939400628
399,2018-04-28,26.067273660621822
400,2018-04-29,26.56152171820728
401,2018-04-30,24.18139504970912
402,2018-05-01,16.420320574347585
403,2018-05-02,12.083774325279668
404,2018-05-03,16.609411479928372
405,2018-05-04,22.622881054760494
406,2018-05-05,20.574686969075643
407,2018-05-06,17.607997601534763
408,2018-05-07,24.524509425992864
409,2018-05-08,34.95848230539295
410,2018-05-09,20.02111672826843
411,2018-05-10,16.749257774489422
412,2018-05-11,21.66796147593953
413,2018-05-12,16.46184904204932
414,2018-05-13,15.365135723752324
415,2018-05-14,26.621564316763425
416,2018-05-15,23.758857098567447
417,2018-05-16,20.707470680282672
418,2018-05-17,13.847024283280213
419,2018-05-18,10.96202303279672
420,2018-05-19,21.74178216824796
421,2018-05-20,23.576445273404847
422,2018-05-21,25.50131445015337
423,2018-05-22,14.140133236346532
424,2018-05-23,9.90878683023958
425,2018-05-24,11.871884218161384
426,2018-05-25,21.796603620836056
427,2018-05-26,31.67335033200844
428,2018-05-27,15.875525181827252
429,2018-05-28,9.988326631644563
430,2018-05-29,17.710787211203915
431,2018-05-30,10.372736002956398
432,2018-05-31,10.563607738099016
433,2018-06-01,23.88981966653454
434,2018-06-02,18.00661562167413
435,2018-06-03,28.98010844261671
436,2018-06-04,40.35095315080972
437,2018-06-05,20.715850327011868
438,2018-06-06,19.475757058069544
439,2018-06-07,13.846128131005036
440,2018-06-08,27.34399888174088
441,2018-06-09,23.901421616249436
442,2018-06-10,48.93284093151657
443,2018-06-11,14.52017049635061
444,2018-06-12,13.37563595372165
445,2018-06-13,12.787148762431562
446,2018-06-14,14.673064692518317
447,2018-06-15,14.855681181768285
448,2018-06-16,21.20203253415562
449,2018-06-17,28.76856976098455
450,2018-06-18,16.34292236249008
451,2018-06-19,16.008416882230613
452,2018-06-20,13.828350328832396
453,2018-06-21,11.70168671433738
454,2018-06-22,12.77373459910178
455,2018-06-23,14.830887859136984
456,2018-06-24,13.867069127767683
457,2018-06-25,8.72360396818223
458,2018-06-26,11.90824801392957
459,2018-06-27,19.95442590482582
460,2018-06-28,18.754379949645475
461,2018-06-29,24.88449649882592
462,2018-06-30,19.560017180956716
463,2018-07-01,16.727981054941477
464,2018-07-02,12.039043713771155
465,2018-07-03,13.512094579290675
466,2018-07-04,18.5504231557553
467,2018-07-05,20.935990391546213
468,2018-07-06,21.25668920167578
469,2018-07-07,24.48077138998327
470,2018-07-08,19.029143835428297
471,2018-07-09,13.15136231519189
472,2018-07-10,20.69982901210537
473,2018-07-11,15.547670527229538
474,2018-07-12,10.39980818855186
475,2018-07-13,12.4969239422344
476,2018-07-14,18.44543948464903
477,2018-07-15,18.946724396692154
478,2018-07-16,13.828216898857454
479,2018-07-17,20.25964860873268
480,2018-07-18,17.871339449500276
481,2018-07-19,22.27313436535893
482,2018-07-20,33.50764345007916
483,2018-07-21,28.87321167196219
484,2018-07-22,27.61924827765557
485,2018-07-23,19.83553329780785
486,2018-07-24,15.069620331297612
487,2018-07-25,21.54216655341673
488,2018-07-26,22.89756789292012
489,2018-07-27,19.039865554736107
490,2018-07-28,27.99071166470196
491,2018-07-29,25.74802730419176
492,2018-07-30,20.80263945674056
493,2018-07-31,20.45700220455576
494,2018-08-01,25.623736885817195
495,2018-08-02,20.772303919479032
496,2018-08-03,28.443447364705392
497,2018-08-04,19.31552736103772
498,2018-08-05,20.642538742994656
499,2018-08-06,20.268430637640268
500,2018-08-07,23.10356486246077
501,2018-08-08,14.304301611444444
502,2018-08-09,18.702205227862013
503,2018-08-10,17.87257373602826
504,2018-08-11,23.627294622249675
505,2018-08-12,23.50400798345993
506,2018-08-13,16.444309738178525
507,2018-08-14,23.72652332264961
508,2018-08-15,28.49914941513291
509,2018-08-16,22.55293442650222
510,2018-08-17,14.723704953665036
511,2018-08-18,21.475751343223376
512,2018-08-19,18.836138801854474
513,2018-08-20,18.14853331300783
514,2018-08-21,21.47164305026502
515,2018-08-22,31.65869083056808
516,2018-08-23,25.910064751229505
517,2018-08-24,20.951743843837345
518,2018-08-25,18.501574887183
519,2018-08-26,19.015496174114084
520,2018-08-27,13.051290048246155
521,2018-08-28,18.870582539169245
522,2018-08-29,12.9505669512768
523,2018-08-30,17.93499541891198
524,2018-09-01,21.217023798262133
525,2018-09-02,20.83734130840872
526,2018-09-03,18.955611022466776
527,2018-09-04,25.582588374291813
528,2018-09-05,25.681226380136124
529,2018-09-06,22.925803186447087
530,2018-09-07,29.861165333883275
531,2018-09-08,26.024524813331105
532,2018-09-09,42.58288846063522
533,2018-09-10,57.56499890143188
534,2018-09-11,28.88100452174146
535,2018-09-12,19.49015565257921
536,2018-09-13,24.82027946884407
537,2018-09-14,36.217857620316586
538,2018-09-15,39.07874277962592
539,2018-09-16,34.27268226914027
540,2018-09-17,25.972964268916314
541,2018-09-18,23.459724983772848
542,2018-09-19,34.58761359736807
543,2018-09-20,29.068843208477467
544,2018-09-21,23.100077899678244
545,2018-09-22,30.27102722312795
546,2018-09-23,28.918920626236755
547,2018-09-24,13.224970723234089
548,2018-09-25,19.602728395703146
549,2018-09-26,31.027790590727964
550,2018-09-27,33.45664166409073
551,2018-09-28,19.903919890259942
552,2018-09-29,35.12314417658864
553,2018-09-30,63.23410761769373
554,2018-10-01,28.663792222431955
555,2018-10-02,23.003075160527164
556,2018-10-03,21.0520070414432
557,2018-10-04,36.50557360374426
558,2018-10-05,40.45876190303647
559,2018-10-06,34.991391289617354
560,2018-10-07,30.124302075417464
561,2018-10-08,24.439258398591225
562,2018-10-09,33.41658161006958
563,2018-10-10,37.75142695362443
564,2018-10-11,39.72287494926371
565,2018-10-12,33.39186854596894
566,2018-10-13,29.224343620462363
567,2018-10-14,30.19235902581196
568,2018-10-15,70.56250441935573
569,2018-10-16,28.14710367178119
570,2018-10-17,26.240278963846347
571,2018-10-18,55.67572076528084
572,2018-10-19,49.81611799882849
573,2018-10-20,48.82636986467684
574,2018-10-21,78.39532193271604
575,2018-10-22,62.90992012623853
576,2018-10-23,41.90637201523482
577,2018-10-24,63.77379063948765
578,2018-10-25,65.4813105421741
579,2018-10-26,63.16105576383248
580,2018-10-27,74.23675287337551
581,2018-10-28,56.85951639835082
582,2018-10-29,39.55050403364854
583,2018-10-30,51.52332908572437
584,2018-11-01,27.809869978864857
585,2018-11-02,43.53333486684371
586,2018-11-03,53.50105974048888
587,2018-11-04,68.46220596244208
588,2018-11-05,82.30268957296359
589,2018-11-06,89.53094079728007
590,2018-11-07,64.99562376945435
591,2018-11-08,51.11923709899804
592,2018-11-09,57.269205555987625
593,2018-11-10,68.11287435043
594,2018-11-11,76.88413901052772
595,2018-11-12,23.08080453995484
596,2018-11-13,60.61187438521097
597,2018-11-14,92.50652429870254
598,2018-11-15,108.51940774374636
599,2018-11-16,145.87847652279697
600,2018-11-17,137.21915703633914
601,2018-11-18,178.38947324811093
602,2018-11-19,226.48401854260223
603,2018-11-20,116.517146114214
604,2018-11-21,81.48905828893321
605,2018-11-22,87.45990912187224
606,2018-11-23,60.55976419383505
607,2018-11-24,57.77469447112079
608,2018-11-25,71.29317953557221
609,2018-11-26,100.66202977952852
610,2018-11-27,87.42947594498186
611,2018-11-28,95.55376234842892
612,2018-11-29,89.83857791882829
613,2018-11-30,70.1436659449147
614,2018-12-01,55.32746642856758
615,2018-12-02,92.80862396095416
616,2018-12-03,95.10186513673078
617,2018-12-04,119.2957347863304
618,2018-12-05,174.76313976938405
619,2018-12-06,184.06860980451265
620,2018-12-07,221.438032598163
621,2018-12-08,174.26366276030708
622,2018-12-09,248.9828664477428
623,2018-12-10,157.8822564197531
624,2018-12-11,109.45468726746208
625,2018-12-12,127.134044576013
626,2018-12-13,103.00014212243744
627,2018-12-14,140.22025179983677
628,2018-12-15,152.85621747478763
629,2018-12-16,75.79922625993362
630,2018-12-17,82.72766931749513
631,2018-12-18,73.09515109242234
632,2018-12-19,79.24757549800506
633,2018-12-20,64.77786976945784
634,2018-12-21,65.27799779564508
635,2018-12-22,89.39103352752274
636,2018-12-23,157.6316420725588
637,2018-12-24,172.8395397127716
638,2018-12-25,126.85420043043362
639,2018-12-26,92.35312208993837
640,2018-12-27,153.7113084908713
641,2018-12-28,133.70138427835914
642,2018-12-29,133.21687886617153
643,2018-12-30,76.33028483285516
644,2018-12-31,121.59203084995217
645,2019-01-01,63.37731182883101
646,2019-01-02,93.66169962807534
647,2019-01-03,157.77907504421106
648,2019-01-04,83.47597892811544
649,2019-01-05,74.73464306406554
650,2019-01-06,94.946726835195
651,2019-01-07,89.07841011509562
652,2019-01-08,74.6200732317621
653,2019-01-09,68.81087507621889
654,2019-01-10,121.22828679352678
655,2019-01-11,86.16539042171514
656,2019-01-12,73.80775028800572
657,2019-01-13,123.03780830734622
658,2019-01-14,115.18735777228603
659,2019-01-15,89.65957388011505
660,2019-01-16,56.67711620850987
661,2019-01-17,109.7778086242428
662,2019-01-18,102.65387167839944
663,2019-01-19,131.10556479420862
664,2019-01-20,116.89020208135275
665,2019-01-21,48.067687256401335
666,2019-01-22,55.249054783980334
667,2019-01-23,51.35054127839855
668,2019-01-24,100.38440792260248
669,2019-01-25,136.01154824503993
670,2019-01-26,119.43714321464336
671,2019-01-27,132.13460526401292
672,2019-01-28,95.9713394140417
673,2019-01-29,77.22030399399777
674,2019-01-30,103.33193498332162
675,2019-01-31,68.68295448348584
676,2019-02-01,50.215089773923175
677,2019-02-02,82.02188726170243
678,2019-02-03,126.36450990046114
679,2019-02-04,172.91259742717264
680,2019-02-05,94.1310183913584
681,2019-02-06,35.19164318178722
682,2019-02-07,87.15186780080487
683,2019-02-08,98.76873650929768
684,2019-02-09,146.14852744235898
685,2019-02-10,112.26602142999342
686,2019-02-11,92.70609968193524
687,2019-02-12,77.660526592298
688,2019-02-13,82.02603584191587
689,2019-02-14,85.21107462655986
690,2019-02-15,48.34997646196499
691,2019-02-16,113.69609963493242
692,2019-02-17,91.81050805913284
693,2019-02-18,48.44014715416805
694,2019-02-19,61.90195006099487
695,2019-02-20,53.62241628604657
696,2019-02-21,37.18135483576851
697,2019-02-22,74.0367444230904
698,2019-02-23,89.59883752426389
699,2019-02-24,97.09139432883852
700,2019-02-25,110.48487252960416
701,2019-02-26,95.91247373356651
702,2019-02-27,109.52593140167468
703,2019-02-28,106.33450709090656
704,2019-03-01,86.37792900515556
705,2019-03-02,110.82133579544566
706,2019-03-03,67.03661530826834
707,2019-03-04,63.17454340106688
708,2019-03-05,56.5202939791472
709,2019-03-06,61.65828350292222
710,2019-03-07,56.69970209578811
711,2019-03-08,71.05384282447496
712,2019-03-09,80.71270687279716
713,2019-03-10,60.3244136064978
714,2019-03-11,59.98328569186357
715,2019-03-12,75.23585619356689
716,2019-03-13,83.84558144942248
717,2019-03-14,84.82433961511806
718,2019-03-15,68.58417919019828
719,2019-03-16,62.93383818481949
720,2019-03-17,76.41935415923258
721,2019-03-18,45.394446971696006
722,2019-03-19,37.65989207649071
723,2019-03-20,68.38519080093873
724,2019-03-21,69.63330662546852
725,2019-03-22,89.20330802177538
726,2019-03-23,90.78351369558436
727,2019-03-24,47.49393786736993
728,2019-03-25,45.11351385045825
729,2019-03-26,45.672026057707136
730,2019-03-27,56.45244483987244
731,2019-03-28,50.58502297838989
732,2019-03-29,33.11960934687693
733,2019-03-30,30.15094683268908
734,2019-03-31,43.179835258003465
735,2019-04-01,41.31992897030502
736,2019-04-02,30.837099831532704
737,2019-04-03,46.03328713619336
738,2019-04-04,34.67790478513977
739,2019-04-05,31.03562193915511
740,2019-04-06,23.320530867250216
741,2019-04-07,37.38750391389567
742,2019-04-08,50.823127583226366
743,2019-04-09,45.09709660461249
744,2019-04-10,33.511519307502354
745,2019-04-11,37.86805353367839
746,2019-04-12,29.075061967500925
747,2019-04-13,26.091346282944382
748,2019-04-14,38.24041252530162
749,2019-04-15,27.958119700556235
750,2019-04-16,22.27459066253707
751,2019-04-17,19.32927091669851
752,2019-04-18,18.88783471421796
753,2019-04-19,27.861556597741647
754,2019-04-20,40.067042923773485
755,2019-04-21,40.61785563572262
756,2019-04-22,25.344984562127564
757,2019-04-23,23.441079450607184
758,2019-04-24,25.67486391678677
759,2019-04-25,14.510257677683851
760,2019-04-26,24.408850035535785
761,2019-04-27,25.08482851591091
762,2019-04-28,31.236348336484216
763,2019-04-29,24.40974079704129
764,2019-04-30,21.36377934987789
765,2019-05-01,23.430923968270307
766,2019-05-02,14.55549052163476
767,2019-05-03,17.148706907458944
768,2019-05-04,25.84296653642996
769,2019-05-05,24.770614430784484
770,2019-05-06,27.019414404627057
771,2019-05-07,18.15942445752456
772,2019-05-08,19.774410606845358
773,2019-05-09,26.659982545151987
774,2019-05-10,19.661342453032116
775,2019-05-11,26.954541216283413
776,2019-05-12,24.258896694462955
777,2019-05-13,16.659679473614467
778,2019-05-14,18.214234363654484
779,2019-05-15,18.2052224245977
780,2019-05-16,34.97924672818083
781,2019-05-17,20.283878892068262
782,2019-05-18,27.000567667885687
783,2019-05-19,20.401168049481686
784,2019-05-20,16.557013208317866
785,2019-05-21,14.327731652392284
786,2019-05-22,16.323088761323735
787,2019-05-23,15.8678163879499
788,2019-05-24,25.34261194836779
789,2019-05-25,21.69464586222764
790,2019-05-26,16.410574527525526
791,2019-05-27,13.23032500013107
792,2019-05-28,12.500218081221323
793,2019-05-29,12.436667777249117
794,2019-05-30,10.951992524324936
795,2019-05-31,10.103609312660897
796,2019-06-01,12.608448445913073
797,2019-06-02,17.126060712178983
798,2019-06-03,12.521916172432368
799,2019-06-04,10.584444948905706
800,2019-06-05,9.44118486346778
801,2019-06-06,7.769389765357886
802,2019-06-07,13.196065113526252
803,2019-06-08,13.594688785901004
804,2019-06-09,17.248508624085456
805,2019-06-10,9.695295980117182
806,2019-06-11,10.75547879330289
807,2019-06-12,10.43976609526648
808,2019-06-13,11.66892096039912
809,2019-06-14,16.7328844159462
810,2019-06-15,13.909546125949907
811,2019-06-16,18.341744630212027
812,2019-06-17,21.183556265401563
813,2019-06-18,12.645775170713597
814,2019-06-19,15.381519030943744
815,2019-06-20,11.119261191289764
816,2019-06-21,15.33455705618313
817,2019-06-22,16.391261868003237
818,2019-06-23,12.264575382908234
819,2019-06-24,13.3349663221216
820,2019-06-25,14.127670057510276
821,2019-06-26,13.704708745378904
822,2019-06-27,13.037856613477889
823,2019-06-28,12.550042597105396
824,2019-06-29,16.657152745517187
825,2019-06-30,15.7802754488942
826,2019-07-01,13.480443808939016
827,2019-07-02,17.766303091125817
828,2019-07-03,21.518044666350225
829,2019-07-04,19.581472325122864
830,2019-07-05,22.123409063590437
831,2019-07-06,19.43297647910723
832,2019-07-07,15.943428666813736
833,2019-07-08,20.76948780509881
834,2019-07-09,14.41543097410593
835,2019-07-10,13.561963962694708
836,2019-07-11,24.09574314239269
837,2019-07-12,21.8692200824762
838,2019-07-13,21.68067343614823
839,2019-07-14,18.34864379611167
840,2019-07-15,21.806234308576755
841,2019-07-16,30.03465453019957
842,2019-07-17,31.03635040188004
843,2019-07-18,21.424072448257977
844,2019-07-19,18.78396705601349
845,2019-07-20,25.379917860410128
846,2019-07-21,25.296455118944127
847,2019-07-22,16.92566502022053
848,2019-07-23,48.14607991526077
849,2019-07-24,25.20460256581612
850,2019-07-25,15.67542468183021
851,2019-07-26,22.739250525593796
852,2019-07-27,53.45176432878496
853,2019-07-28,55.02743814218287
854,2019-07-29,41.0277853883509
855,2019-07-30,23.4051956732742
856,2019-07-31,21.537896088642537
857,2019-08-01,24.556031664858537
858,2019-08-02,18.353852442127675
859,2019-08-03,21.99513890293637
860,2019-08-04,25.5887007449147
861,2019-08-05,17.82414589384389
862,2019-08-06,20.86747622670816
863,2019-08-07,17.11357361337725
864,2019-08-08,21.022088544919587
865,2019-08-09,22.83966656088221
866,2019-08-10,16.216857331912585
867,2019-08-11,24.76240781588872
868,2019-08-12,27.10586342161485
869,2019-08-13,22.797294996079348
870,2019-08-14,18.1188796055388
871,2019-08-15,10.828536988235998
872,2019-08-16,22.05802094663574
873,2019-08-17,21.235797152926
874,2019-08-18,14.631803843729353
875,2019-08-19,20.202208163753276
876,2019-08-20,16.140162527584753
877,2019-08-21,19.3305904356613
878,2019-08-22,13.557085200351452
879,2019-08-23,18.60799522547611
880,2019-08-24,19.123619270452284
881,2019-08-25,20.721307226112327
882,2019-08-26,24.38750075342354
883,2019-08-27,19.7431742048691
884,2019-08-28,22.10086517013932
885,2019-08-29,21.49347128534412
886,2019-08-30,16.267240904151617
887,2019-08-31,14.26532059758332
888,2019-09-01,12.30535278658684
889,2019-09-02,16.786478242934017
890,2019-09-03,17.284087148429432
891,2019-09-04,13.150963368860006
892,2019-09-05,13.78224739341919
893,2019-09-06,11.63107990321837
894,2019-09-07,24.80919735192945
895,2019-09-08,31.14912977793485
896,2019-09-09,24.73724486480559
897,2019-09-10,8.5921967839799
898,2019-09-11,15.33769360865107
899,2019-09-12,20.0046238449754
900,2019-09-13,20.407863499840936
901,2019-09-14,34.38174752759851
902,2019-09-15,24.714082195178197
903,2019-09-16,11.68419307121694
904,2019-09-17,14.911856366144534
905,2019-09-18,21.90958446566516
906,2019-09-19,19.763390822328564
907,2019-09-20,23.924905802399064
908,2019-09-21,31.231412248326222
909,2019-09-22,26.27080039255636
910,2019-09-23,16.76239244677786
911,2019-09-24,24.006519996014053
912,2019-09-25,25.108980484222503
913,2019-09-26,25.584339360979666
914,2019-09-27,27.598624937546933
915,2019-09-28,26.47950575256276
916,2019-09-29,31.91679939137393
917,2019-09-30,29.42570587089489
918,2019-10-01,37.21377721545621
919,2019-10-02,25.12318572346529
920,2019-10-03,36.296300665287454
921,2019-10-04,41.26024675257808
922,2019-10-05,37.73552889268591
923,2019-10-06,48.85406681743381
924,2019-10-07,32.139305240516684
925,2019-10-08,24.16283021328283
926,2019-10-09,19.381705208090768
927,2019-10-10,20.69012047657773
928,2019-10-11,18.163482175844777
929,2019-10-12,31.251046813593707
930,2019-10-13,45.25122228858029
931,2019-10-14,29.076832659951812
932,2019-10-15,19.245182202012074
933,2019-10-16,33.14653739082501
934,2019-10-17,17.813129999083237
935,2019-10-18,29.88932997808104
936,2019-10-19,56.305313314807215
937,2019-10-20,37.93465861052666
938,2019-10-21,26.584163615833404
939,2019-10-22,44.04805549274848
940,2019-10-23,61.855793544460354
941,2019-10-24,43.319220833857216
942,2019-10-25,44.45241195558228
943,2019-10-26,63.99508533244802
944,2019-10-27,73.48270755588372
945,2019-10-28,41.6120155802239
946,2019-10-29,51.52357781069201
947,2019-10-30,62.37915230683477
948,2019-10-31,50.23521554284208
949,2019-11-01,57.48125658376108
950,2019-11-02,59.238328043945145
951,2019-11-03,83.08956504105238
952,2019-11-04,42.48106276994783
953,2019-11-05,19.74302146765712
954,2019-11-06,43.876203556264585
955,2019-11-07,52.4632390692592
956,2019-11-08,103.20518995324863
957,2019-11-09,94.19788275631946
958,2019-11-10,50.56895035701461
959,2019-11-11,26.50589140277179
960,2019-11-12,56.15593432178922
961,2019-11-13,70.24232613790626
962,2019-11-14,74.08398547910974
963,2019-11-15,53.68338958585672
964,2019-11-16,54.62566809992866
965,2019-11-17,121.99354709605304
966,2019-11-18,108.566710600923
967,2019-11-19,73.94736199306065
968,2019-11-20,52.640228538216526
969,2019-11-21,37.83698625182175
970,2019-11-22,47.13345412324481
971,2019-11-23,58.36109142452162
972,2019-11-24,108.54852615242228
973,2019-11-25,57.61904709916556
974,2019-11-26,52.98638949846636
975,2019-11-27,65.79843050623121
976,2019-11-28,73.58531208672953
977,2019-11-29,68.7240410195452
978,2019-11-30,82.75769349927691
979,2019-12-01,118.62849477450962
980,2019-12-02,103.4459251044968
981,2019-12-03,132.3939822094765
982,2019-12-04,92.87345889770684
983,2019-12-05,103.32486509916464
984,2019-12-06,50.96012685722505
985,2019-12-07,62.28258355882145
986,2019-12-08,109.7042620973316
987,2019-12-09,110.58723883584254
988,2019-12-10,96.10085462126894
989,2019-12-11,121.4899342266909
990,2019-12-12,127.94183885260028
991,2019-12-13,94.28644172817384
992,2019-12-14,71.32760132324634
993,2019-12-15,55.41341698410756
994,2019-12-16,78.65187450677777
995,2019-12-17,81.09189997983631
996,2019-12-18,92.36248523881738
997,2019-12-19,76.90301929286055
998,2019-12-20,47.65507022969675
999,2019-12-21,53.45361039472988
1000,2019-12-22,40.629745405235
1001,2019-12-23,69.38885009599645
1002,2019-12-24,91.57630090434266
1003,2019-12-25,123.55222072060631
1004,2019-12-26,129.54491866202994
1005,2019-12-27,117.20050683184414
1006,2019-12-28,155.9035181112546
1007,2019-12-29,151.70312034267604
1008,2019-12-30,92.9808167199996
1009,2019-12-31,69.94241248053737
1010,2020-01-01,107.90727416116604
1011,2020-01-02,73.84811800473663
1012,2020-01-03,65.9187401929547
1013,2020-01-04,133.4752193211256
1014,2020-01-05,117.88230144074724
1015,2020-01-06,108.54189749151018
1016,2020-01-07,108.28137331791962
1017,2020-01-08,90.67055003493122
1018,2020-01-09,78.85879087986636
1019,2020-01-10,95.64682277869714
1020,2020-01-11,141.63206807707667
1021,2020-01-12,106.12961272866194
1022,2020-01-13,67.69634780921668
1023,2020-01-14,65.40384880961872
1024,2020-01-15,117.50993745054348
1025,2020-01-16,54.07425981798795
1026,2020-01-17,106.50694869089916
1027,2020-01-18,124.40609680419422
1028,2020-01-19,104.4332579431536
1029,2020-01-20,64.6816102110513
1030,2020-01-21,129.85951037177696
1031,2020-01-22,124.48913038051316
1032,2020-01-23,128.34215647462057
1033,2020-01-24,68.63619312816672
1034,2020-01-25,73.00077102400832
1035,2020-01-26,63.78688822102087
1036,2020-01-27,99.29529953092552
1037,2020-01-28,37.758220173190026
1038,2020-01-29,80.25406371334363
1039,2020-01-30,101.20936778541652
1040,2020-01-31,95.23296053802662
1041,2020-02-01,129.90347066477997
1042,2020-02-02,177.39377945596203
1043,2020-02-03,143.81712900091094
1044,2020-02-04,47.3594615992624
1045,2020-02-05,63.38380036421032
1046,2020-02-06,90.81618531837717
1047,2020-02-07,108.05466073328468
1048,2020-02-08,77.63408766548385
1049,2020-02-09,64.53528241225142
1050,2020-02-10,46.141103961625376
1051,2020-02-11,39.656809995008885
1052,2020-02-12,74.4770206101768
1053,2020-02-13,40.49400049625698
1054,2020-02-14,47.59347346407735
1055,2020-02-15,58.49094298666565
1056,2020-02-16,42.7150422765762
1057,2020-02-17,54.56721289397538
1058,2020-02-18,54.68133475858255
1059,2020-02-19,49.13824718201349
1060,2020-02-20,81.13137665513636
1061,2020-02-21,91.114818464624
1062,2020-02-22,50.08625084925581
1063,2020-02-23,42.35599449956256
1064,2020-02-24,69.09718980127344
1065,2020-02-25,59.76133965690349
1066,2020-02-26,55.54386355754935
1067,2020-02-27,32.74694790542957
1068,2020-02-28,31.52907557534285
1069,2020-02-29,59.56656943577882
1070,2020-03-01,88.2926575838253
1071,2020-03-02,52.098705884612
1072,2020-03-03,34.303057404234046
1073,2020-03-04,52.24074388135934
1074,2020-03-05,60.325064586509896
1075,2020-03-06,29.453201574844798
1076,2020-03-07,28.63861405265717
1077,2020-03-08,54.16196374197056
1078,2020-03-09,65.32532821945674
1079,2020-03-10,42.2374440010763
1080,2020-03-11,37.70725604822092
1081,2020-03-12,54.9157853345448
1082,2020-03-13,54.76664802664941
1083,2020-03-14,53.1047305553779
1084,2020-03-15,66.6216810909472
1085,2020-03-16,48.38662755568048
1086,2020-03-17,32.54810569624942
1087,2020-03-18,36.221099344430506
1088,2020-03-19,39.17123168933279
1089,2020-03-20,46.86319223818526
1090,2020-03-21,43.82627957760468
1091,2020-03-22,22.28877622080432
1092,2020-03-23,31.477351737055137
1093,2020-03-24,22.100741056728445
1094,2020-03-25,38.12238734831293
1095,2020-03-26,47.75863435618509
1096,2020-03-27,71.10628484968184
1097,2020-03-28,45.8569511163956
1098,2020-03-29,31.20929006918826
1099,2020-03-30,43.89307555036407
1100,2020-03-31,46.62559144875471
1101,2020-04-01,37.37300831208379
1102,2020-04-02,22.44806196291064
1103,2020-04-03,41.74913010330655
1104,2020-04-04,40.01343452234048
1105,2020-04-05,31.015193395362704
1106,2020-04-06,27.12740962412224
1107,2020-04-07,30.959573458505027
1108,2020-04-08,29.98299172135499
1109,2020-04-09,19.5772287182056
1110,2020-04-10,30.288488629880327
1111,2020-04-11,55.24768160980301
1112,2020-04-12,38.65187135304696
1113,2020-04-13,26.14792360698292
1114,2020-04-14,22.855933814602523
1115,2020-04-15,12.709763333333337
1116,2020-04-16,31.76065882352941
1117,2020-04-17,45.57642352941178
1118,2020-04-18,18.345630625
1119,2020-04-19,25.251875
1120,2020-04-20,22.45647058823529
1121,2020-04-21,27.714117647058824
1122,2020-04-22,17.07764705882353
1123,2020-04-23,18.124117647058824
1124,2020-04-24,16.079444444444444
1125,2020-04-25,18.17166666666667
1126,2020-04-26,26.158947368421053
1127,2020-04-27,29.9575
1128,2020-04-28,15.883529411764703
1129,2020-04-29,12.316111111111107
1130,2020-04-30,11.475555555555555
1131,2020-05-01,13.65
1132,2020-05-02,28.494375
1133,2020-05-03,14.988235294117644
1134,2020-05-04,10.409444444444446
1135,2020-05-05,14.834117647058822
1136,2020-05-06,15.08
1137,2020-05-07,21.924666666666663
1138,2020-05-08,13.767499999999998
1139,2020-05-09,11.19
1140,2020-05-10,17.62375
1141,2020-05-11,12.36166666666667
1142,2020-05-12,15.98764705882353
1143,2020-05-13,15.299444444444443
1144,2020-05-14,17.308888888888887
1145,2020-05-15,11.335555555555551
1146,2020-05-16,29.619375000000005
1147,2020-05-17,20.59941176470588
1148,2020-05-18,22.027647058823533
1149,2020-05-19,12.699000000000002
1150,2020-05-20,15.686315789473682
1151,2020-05-21,20.97105263157895
1152,2020-05-22,13.465
1153,2020-05-23,16.25052631578947
1154,2020-05-24,14.516315789473683
1155,2020-05-25,13.007894736842104
1156,2020-05-26,19.215555555555557
1157,2020-05-27,11.956666666666663
1158,2020-05-28,37.16388888888889
1159,2020-05-29,10.13888888888889
1160,2020-05-30,11.274444444444445
1161,2020-05-31,12.02
1162,2020-06-01,15.363333333333332
1163,2020-06-02,8.890555555555556
1164,2020-06-03,13.256842105263155
1165,2020-06-04,12.027
1166,2020-06-05,18.30894736842105
1167,2020-06-06,11.886842105263158
1168,2020-06-07,15.895789473684207
1169,2020-06-08,15.692777777777776
1170,2020-06-09,13.088947368421053
1171,2020-06-10,12.53111111111111
1172,2020-06-11,12.4715
1173,2020-06-12,15.5375
1174,2020-06-13,20.4
1175,2020-06-14,17.357999999999997
1176,2020-06-15,14.554285714285712
1177,2020-06-16,10.11761904761905
1178,2020-06-17,8.65578947368421
1179,2020-06-18,12.915555555555557
1180,2020-06-19,12.294999999999998
1181,2020-06-20,17.337222222222223
1182,2020-06-21,20.29631578947368
1183,2020-06-22,23.017368421052637
1184,2020-06-23,15.220555555555556
1185,2020-06-24,9.454000000000002
1186,2020-06-25,19.494375
1187,2020-06-26,15.924666666666669
1188,2020-06-27,13.809333333333331
1189,2020-06-28,14.129230769230768
1190,2020-06-29,9.74357142857143
1191,2020-06-30,22.18533333333333
1192,2020-07-01,13.684375
1193,2020-07-02,13.498
1194,2020-07-03,9.81375
1195,2020-07-04,13.81125
1196,2020-07-05,18.03466666666667
1197,2020-07-06,11.89
1198,2020-07-07,10.23
1199,2020-07-08,16.244117647058825
1200,2020-07-09,16.728823529411763
1201,2020-07-10,13.216250000000002
1202,2020-07-11,16.3125
1203,2020-07-12,16.520000000000003
1204,2020-07-13,24.22823529411765
1205,2020-07-14,17.910588235294117
1206,2020-07-15,13.445555555555558
1207,2020-07-16,15.384210526315789
1208,2020-07-17,13.295789473684213
1209,2020-07-18,12.006111111111112
1210,2020-07-19,11.938333333333336
1211,2020-07-20,35.03722222222222
1212,2020-07-21,11.997222222222224
1213,2020-07-22,9.15277777777778
1214,2020-07-23,15.172941176470587
1215,2020-07-24,14.941764705882356
1216,2020-07-25,15.384117647058822
1217,2020-07-26,16.346470588235295
1218,2020-07-27,11.803333333333336
1219,2020-07-28,10.819444444444445
1220,2020-07-29,8.348888888888888
1221,2020-07-30,12.329444444444444
1222,2020-07-31,22.654444444444444
1223,2020-08-01,15.862777777777776
1224,2020-08-02,15.734444444444442
1225,2020-08-03,12.96222222222222
1226,2020-08-04,13.137222222222224
1227,2020-08-05,13.346111111111112
1228,2020-08-06,39.16470588235296
1229,2020-08-07,46.32388888888889
1230,2020-08-08,22.988235294117644
1231,2020-08-09,16.23588235294118
1232,2020-08-10,9.923684210526316
1233,2020-08-11,57.316500000000005
1234,2020-08-12,13.252777777777778
1235,2020-08-13,9.371666666666666
1236,2020-08-14,14.45
1237,2020-08-15,20.776842105263157
1238,2020-08-16,21.5275
1239,2020-08-17,17.18
1240,2020-08-18,16.023333333333333
1241,2020-08-19,11.616111111111111
1242,2020-08-20,16.241764705882353
1243,2020-08-21,10.697647058823533
1244,2020-08-22,18.261764705882356
1245,2020-08-23,20.779375
1246,2020-08-24,27.93647058823529
1247,2020-08-25,14.542999999999996
1248,2020-08-26,16.319499999999998
1249,2020-08-27,16.71263157894737
1250,2020-08-28,11.965000000000002
1251,2020-08-29,19.594210526315788
1252,2020-08-30,25.45684210526316
1253,2020-08-31,26.468947368421052
1254,2020-09-01,23.37
1255,2020-09-02,14.006842105263155
1256,2020-09-03,14.921052631578949
1257,2020-09-04,8.972105263157896
1258,2020-09-05,21.731052631578947
1259,2020-09-06,17.814210526315787
1260,2020-09-07,10.089473684210525
1261,2020-09-08,18.785789473684208
1262,2020-09-09,22.536666666666665
1263,2020-09-10,18.93411764705882
1264,2020-09-11,24.78055555555555
1265,2020-09-12,21.16294117647059
1266,2020-09-13,21.935
1267,2020-09-14,27.83705882352941
1268,2020-09-15,14.691052631578946
1269,2020-09-16,20.584705882352942
1270,2020-09-17,11.58529411764706
1271,2020-09-18,11.985882352941177
1272,2020-09-19,30.384117647058822
1273,2020-09-20,39.49631578947368
1274,2020-09-21,22.05157894736842
1275,2020-09-22,15.992105263157896
1276,2020-09-23,19.6625
1277,2020-09-24,15.504761904761908
1278,2020-09-25,18.35666666666667
1279,2020-09-26,25.688947368421047
1280,2020-09-27,33.22888888888889
1281,2020-09-28,33.397499999999994
1282,2020-09-29,25.859473684210528
1283,2020-09-30,25.4365
1284,2020-10-01,24.228421052631575
1285,2020-10-02,39.06749999999999
1286,2020-10-03,41.7957894736842
1287,2020-10-04,32.19444444444444
1288,2020-10-05,30.645
1289,2020-10-06,24.271666666666665
1290,2020-10-07,45.03952380952381
